,Unnamed: 0,id,customer,storage_center,space_qty,action,date
0,0,1,543,162,5,pick_up,2023-05-01
1,1,2,223,198,4,pick_up,2023-05-21
2,2,3,639,100,3,reserve,2022-11-22
3,3,4,780,170,1,pick_up,2022-10-26
4,4,5,838,196,3,drop_off,2022-08-16
5,5,6,702,267,4,drop_off,2022-08-30
6,6,7,300,200,5,pick_up,2023-02-23
7,7,8,626,158,2,reserve,2023-03-20
8,8,9,276,63,5,pick_up,2022-11-25
9,9,10,616,164,1,reserve,2022-11-27
10,10,11,583,66,3,reserve,2023-01-01
11,11,12,481,293,2,drop_off,2023-03-25
12,12,13,58,33,2,pick_up,2023-03-14
13,13,14,415,93,1,reserve,2023-05-31
14,14,15,584,172,2,drop_off,2023-01-21
15,15,16,991,76,1,pick_up,2022-08-04
16,16,17,159,290,1,reserve,2023-01-31
17,17,18,926,259,1,reserve,2023-05-16
18,18,19,741,98,4,drop_off,2023-04-04
19,19,20,205,105,4,reserve,2023-01-12
20,20,21,119,230,5,drop_off,2022-10-31
21,21,22,340,75,2,pick_up,2022-10-26
22,22,23,59,194,3,pick_up,2022-12-31
23,23,24,486,256,5,drop_off,2023-05-23
24,24,25,972,257,3,reserve,2022-08-03
25,25,26,871,63,5,drop_off,2022-10-03
26,26,27,649,103,1,reserve,2022-08-28
27,27,28,47,263,1,drop_off,2022-10-01
28,28,29,249,150,2,pick_up,2022-08-06
29,29,30,316,144,5,pick_up,2022-09-30
30,30,31,670,57,1,drop_off,2022-10-28
31,31,32,422,56,3,pick_up,2022-06-30
32,32,33,619,66,4,drop_off,2022-11-17
33,33,34,870,54,5,drop_off,2023-03-02
34,34,35,916,110,5,pick_up,2022-07-19
35,35,36,730,67,1,pick_up,2022-09-02
36,36,37,880,262,5,reserve,2022-12-09
37,37,38,376,244,4,drop_off,2023-02-06
38,38,39,643,53,4,pick_up,2022-09-28
39,39,40,544,42,5,reserve,2022-12-06
40,40,41,884,1,3,pick_up,2022-10-12
41,41,42,885,119,5,drop_off,2023-02-18
42,42,43,459,102,3,reserve,2023-03-14
43,43,44,525,184,5,drop_off,2023-01-02
44,44,45,848,25,3,reserve,2023-05-04
45,45,46,442,87,3,drop_off,2022-08-02
46,46,47,439,109,1,reserve,2022-09-09
47,47,48,835,272,5,pick_up,2022-11-13
48,48,49,916,256,2,pick_up,2023-02-25
49,49,50,49,3,5,reserve,2023-04-29
50,50,51,584,299,2,pick_up,2023-01-24
51,51,52,456,53,1,drop_off,2022-08-17
52,52,53,459,283,1,reserve,2023-05-23
53,53,54,397,220,5,pick_up,2022-10-20
54,54,55,921,38,2,pick_up,2023-03-17
55,55,56,913,115,4,drop_off,2023-04-25
56,56,57,942,242,1,drop_off,2022-07-12
57,57,58,156,106,3,drop_off,2023-05-16
58,58,59,419,288,5,pick_up,2023-01-30
59,59,60,630,268,1,reserve,2022-10-07
60,60,61,482,116,1,pick_up,2023-02-19
61,61,62,799,87,1,reserve,2022-08-20
62,62,63,966,50,2,pick_up,2022-10-12
63,63,64,805,45,1,drop_off,2022-10-14
64,64,65,65,52,2,reserve,2022-07-12
65,65,66,594,261,3,drop_off,2023-02-21
66,66,67,741,48,4,pick_up,2022-11-11
67,67,68,34,16,4,reserve,2022-12-10
68,68,69,18,232,4,pick_up,2022-12-05
69,69,70,385,297,1,reserve,2023-04-20
70,70,71,848,255,4,drop_off,2022-07-20
71,71,72,739,85,3,drop_off,2023-02-21
72,72,73,564,208,3,reserve,2022-11-09
73,73,74,471,75,5,reserve,2023-05-19
74,74,75,525,31,2,drop_off,2023-05-30
75,75,76,928,224,1,drop_off,2023-01-01
76,76,77,207,264,2,pick_up,2022-10-30
77,77,78,743,172,1,reserve,2023-01-06
78,78,79,369,71,4,reserve,2022-07-11
79,79,80,857,2,1,pick_up,2023-03-30
80,80,81,937,210,2,pick_up,2022-06-08
81,81,82,257,57,5,reserve,2022-06-20
82,82,83,792,137,2,drop_off,2023-04-14
83,83,84,215,184,2,pick_up,2023-01-07
84,84,85,765,203,3,reserve,2023-05-30
85,85,86,458,39,2,reserve,2022-09-17
86,86,87,951,170,4,drop_off,2022-07-20
87,87,88,593,264,1,reserve,2022-07-07
88,88,89,57,186,5,reserve,2022-11-25
89,89,90,509,85,2,reserve,2022-08-24
90,90,91,92,69,5,reserve,2022-06-25
91,91,92,954,53,3,pick_up,2022-09-24
92,92,93,986,134,1,drop_off,2022-11-01
93,93,94,127,152,2,reserve,2023-05-29
94,94,95,649,22,3,drop_off,2022-08-08
95,95,96,981,2,2,reserve,2023-04-01
96,96,97,146,275,1,drop_off,2023-03-15
97,97,98,92,211,3,pick_up,2023-05-22
98,98,99,189,43,5,pick_up,2022-08-30
99,99,100,733,228,1,reserve,2022-08-09
100,100,101,466,197,1,reserve,2022-09-23
101,101,102,632,48,5,drop_off,2022-08-12
102,102,103,826,287,4,drop_off,2023-03-03
103,103,104,119,114,4,pick_up,2023-02-14
104,104,105,334,8,2,pick_up,2022-09-08
105,105,106,595,282,3,reserve,2023-01-09
106,106,107,955,139,5,pick_up,2022-07-27
107,107,108,64,185,4,drop_off,2023-03-14
108,108,109,304,99,1,reserve,2023-02-25
109,109,110,868,5,2,pick_up,2022-07-19
110,110,111,741,145,3,pick_up,2022-12-26
111,111,112,354,109,3,pick_up,2022-06-25
112,112,113,169,162,1,drop_off,2022-11-27
113,113,114,655,121,2,pick_up,2022-07-23
114,114,115,658,156,4,reserve,2022-07-08
115,115,116,617,82,5,pick_up,2023-04-06
116,116,117,645,199,2,drop_off,2023-04-18
117,117,118,972,65,2,pick_up,2022-11-08
118,118,119,150,60,4,reserve,2022-12-11
119,119,120,786,249,4,pick_up,2023-02-27
120,120,121,68,135,1,pick_up,2022-08-22
121,121,122,315,207,2,drop_off,2022-10-02
122,122,123,160,235,4,reserve,2022-10-12
123,123,124,608,51,3,drop_off,2023-05-11
124,124,125,62,37,5,drop_off,2023-04-09
125,125,126,40,65,5,reserve,2023-04-20
126,126,127,413,134,4,reserve,2022-07-29
127,127,128,55,125,5,reserve,2022-12-30
128,128,129,590,179,1,drop_off,2023-05-02
129,129,130,502,276,2,pick_up,2022-12-28
130,130,131,82,247,5,reserve,2023-05-02
131,131,132,174,273,2,reserve,2022-11-10
132,132,133,265,56,1,reserve,2023-02-12
133,133,134,557,92,3,reserve,2022-10-11
134,134,135,306,277,5,reserve,2023-04-02
135,135,136,941,65,5,pick_up,2023-02-01
136,136,137,705,44,3,pick_up,2023-02-14
137,137,138,457,24,1,drop_off,2022-12-10
138,138,139,445,124,1,drop_off,2022-09-24
139,139,140,920,285,1,drop_off,2023-04-01
140,140,141,955,266,5,pick_up,2022-11-13
141,141,142,783,249,2,drop_off,2023-03-09
142,142,143,272,237,5,drop_off,2023-01-07
143,143,144,870,271,2,reserve,2023-01-26
144,144,145,201,92,2,pick_up,2023-01-23
145,145,146,989,56,5,pick_up,2022-09-28
146,146,147,34,19,5,drop_off,2022-07-27
147,147,148,357,61,5,reserve,2023-03-21
148,148,149,371,42,1,reserve,2022-11-17
149,149,150,468,275,4,drop_off,2022-10-14
150,150,151,548,3,4,drop_off,2023-03-18
151,151,152,108,210,2,drop_off,2023-03-23
152,152,153,380,251,1,drop_off,2022-12-23
153,153,154,860,265,1,pick_up,2023-03-05
154,154,155,622,171,4,reserve,2023-03-31
155,155,156,857,32,5,reserve,2023-04-08
156,156,157,114,133,5,drop_off,2022-11-16
157,157,158,666,8,1,reserve,2023-04-19
158,158,159,654,186,5,drop_off,2023-01-24
159,159,160,881,219,5,drop_off,2023-05-25
160,160,161,524,184,5,drop_off,2023-01-13
161,161,162,82,40,2,pick_up,2022-10-21
162,162,163,651,74,5,drop_off,2022-10-30
163,163,164,73,110,4,pick_up,2023-01-25
164,164,165,102,155,5,reserve,2023-01-15
165,165,166,549,153,5,reserve,2023-02-14
166,166,167,48,32,2,pick_up,2022-07-20
167,167,168,540,178,2,reserve,2022-11-20
168,168,169,906,215,2,pick_up,2023-03-30
169,169,170,813,268,2,reserve,2023-05-05
170,170,171,133,83,5,reserve,2022-12-11
171,171,172,714,211,1,reserve,2022-11-22
172,172,173,421,254,1,pick_up,2022-10-07
173,173,174,189,1,2,pick_up,2023-04-16
174,174,175,984,282,5,reserve,2023-02-23
175,175,176,479,84,4,pick_up,2023-05-21
176,176,177,685,91,4,pick_up,2022-10-01
177,177,178,482,159,2,drop_off,2023-03-25
178,178,179,634,147,3,drop_off,2022-11-01
179,179,180,361,255,2,pick_up,2023-01-31
180,180,181,45,211,5,reserve,2022-09-17
181,181,182,978,41,1,drop_off,2023-02-14
182,182,183,175,274,1,reserve,2023-03-11
183,183,184,673,121,2,reserve,2023-03-13
184,184,185,818,13,3,pick_up,2022-09-03
185,185,186,259,27,1,drop_off,2022-07-06
186,186,187,572,170,3,pick_up,2022-10-24
187,187,188,524,139,1,reserve,2022-12-02
188,188,189,739,30,5,pick_up,2023-02-20
189,189,190,22,269,2,reserve,2022-08-05
190,190,191,191,190,5,drop_off,2023-03-08
191,191,192,695,300,5,pick_up,2022-09-27
192,192,193,55,267,5,reserve,2022-08-05
193,193,194,713,239,1,pick_up,2022-08-28
194,194,195,740,50,2,drop_off,2023-01-27
195,195,196,331,76,1,pick_up,2023-05-15
196,196,197,661,38,4,drop_off,2022-08-14
197,197,198,156,273,2,drop_off,2022-10-09
198,198,199,233,269,4,reserve,2023-04-25
199,199,200,473,217,5,reserve,2022-10-08
200,200,201,995,1,1,drop_off,2022-09-06
201,201,202,146,21,4,pick_up,2022-08-29
202,202,203,846,70,3,reserve,2022-10-15
203,203,204,45,1,3,drop_off,2022-09-30
204,204,205,301,84,3,reserve,2023-01-07
205,205,206,49,112,2,drop_off,2022-10-16
206,206,207,663,168,4,pick_up,2022-08-26
207,207,208,84,81,2,reserve,2023-05-15
208,208,209,994,195,4,reserve,2022-06-21
209,209,210,931,65,5,pick_up,2023-02-10
210,210,211,235,20,2,pick_up,2022-09-10
211,211,212,900,104,1,pick_up,2023-05-19
212,212,213,33,61,2,reserve,2022-06-19
213,213,214,147,271,4,pick_up,2022-12-25
214,214,215,895,223,1,drop_off,2023-03-17
215,215,216,220,167,1,drop_off,2022-10-13
216,216,217,283,109,1,reserve,2022-06-30
217,217,218,592,118,2,reserve,2022-06-10
218,218,219,779,217,5,drop_off,2022-11-29
219,219,220,599,86,3,drop_off,2022-06-25
220,220,221,161,245,3,pick_up,2022-06-08
221,221,222,208,79,2,pick_up,2022-06-23
222,222,223,112,161,5,drop_off,2022-10-23
223,223,224,872,196,4,pick_up,2023-02-15
224,224,225,426,218,5,reserve,2022-07-28
225,225,226,632,77,1,drop_off,2022-12-11
226,226,227,777,5,3,pick_up,2022-06-07
227,227,228,893,284,3,reserve,2023-05-28
228,228,229,563,87,1,pick_up,2023-05-09
229,229,230,910,95,1,drop_off,2023-04-08
230,230,231,84,191,3,drop_off,2022-10-11
231,231,232,156,65,5,reserve,2023-04-06
232,232,233,972,81,5,pick_up,2023-01-06
233,233,234,287,58,2,pick_up,2023-01-08
234,234,235,318,226,1,reserve,2023-03-06
235,235,236,371,162,2,pick_up,2022-06-23
236,236,237,327,26,1,drop_off,2023-01-05
237,237,238,807,251,5,pick_up,2023-01-29
238,238,239,735,286,3,drop_off,2022-09-26
239,239,240,154,84,3,reserve,2023-01-05
240,240,241,828,159,5,reserve,2023-04-19
241,241,242,74,45,2,drop_off,2023-02-18
242,242,243,75,193,2,reserve,2022-06-01
243,243,244,407,281,2,reserve,2022-06-22
244,244,245,82,292,3,reserve,2023-02-22
245,245,246,235,27,4,drop_off,2023-05-23
246,246,247,438,42,4,drop_off,2023-02-12
247,247,248,827,84,4,drop_off,2022-11-21
248,248,249,287,123,1,reserve,2023-01-08
249,249,250,208,76,3,drop_off,2022-12-16
250,250,251,508,280,3,drop_off,2022-08-18
251,251,252,96,170,3,drop_off,2022-09-14
252,252,253,920,290,3,pick_up,2022-09-07
253,253,254,339,40,5,reserve,2022-09-04
254,254,255,367,87,4,reserve,2023-01-17
255,255,256,838,147,4,pick_up,2023-04-10
256,256,257,394,90,1,drop_off,2023-03-17
257,257,258,589,126,4,pick_up,2022-07-04
258,258,259,397,7,4,reserve,2022-11-10
259,259,260,594,23,1,drop_off,2023-03-19
260,260,261,755,199,5,pick_up,2022-06-21
261,261,262,777,282,4,drop_off,2022-06-15
262,262,263,559,117,5,reserve,2022-12-14
263,263,264,762,72,4,reserve,2022-07-01
264,264,265,396,21,2,drop_off,2022-07-17
265,265,266,520,204,5,reserve,2022-06-27
266,266,267,562,4,1,drop_off,2023-03-01
267,267,268,264,297,4,pick_up,2023-04-04
268,268,269,604,242,1,drop_off,2022-07-20
269,269,270,253,221,3,pick_up,2023-05-15
270,270,271,495,68,3,pick_up,2023-03-17
271,271,272,161,90,2,drop_off,2022-10-23
272,272,273,819,201,5,drop_off,2022-06-03
273,273,274,929,220,1,reserve,2022-06-19
274,274,275,633,211,1,reserve,2023-04-08
275,275,276,400,257,4,drop_off,2022-11-24
276,276,277,48,45,1,pick_up,2022-08-25
277,277,278,426,209,5,reserve,2023-04-27
278,278,279,548,292,2,reserve,2023-05-27
279,279,280,401,97,3,pick_up,2022-09-27
280,280,281,725,64,5,reserve,2023-01-23
281,281,282,145,178,1,pick_up,2023-02-27
282,282,283,396,19,1,reserve,2023-05-02
283,283,284,191,193,3,pick_up,2023-01-31
284,284,285,148,217,4,pick_up,2023-05-26
285,285,286,149,300,5,drop_off,2022-11-30
286,286,287,967,231,2,drop_off,2022-07-14
287,287,288,738,274,3,reserve,2023-01-29
288,288,289,374,148,1,reserve,2022-08-08
289,289,290,967,258,4,drop_off,2023-02-03
290,290,291,252,252,2,drop_off,2022-12-03
291,291,292,925,113,2,pick_up,2022-06-11
292,292,293,392,107,5,drop_off,2023-03-05
293,293,294,53,65,3,reserve,2022-12-18
294,294,295,750,51,1,reserve,2023-04-16
295,295,296,737,257,4,drop_off,2023-02-25
296,296,297,709,87,4,reserve,2022-10-14
297,297,298,782,48,4,reserve,2023-04-07
298,298,299,993,56,2,drop_off,2022-09-16
299,299,300,746,68,4,pick_up,2022-07-04
300,300,301,114,213,1,pick_up,2022-11-11
301,301,302,214,113,1,drop_off,2022-08-31
302,302,303,414,212,3,drop_off,2022-10-28
303,303,304,455,212,4,reserve,2023-04-05
304,304,305,560,183,4,reserve,2023-05-26
305,305,306,429,158,1,pick_up,2022-09-04
306,306,307,68,77,4,pick_up,2023-01-08
307,307,308,198,203,2,drop_off,2022-06-12
308,308,309,940,273,5,drop_off,2022-12-13
309,309,310,734,34,5,pick_up,2022-06-11
310,310,311,533,72,5,drop_off,2023-04-25
311,311,312,979,211,2,pick_up,2022-11-06
312,312,313,262,211,1,pick_up,2022-06-15
313,313,314,707,110,3,reserve,2022-07-20
314,314,315,471,200,5,drop_off,2022-09-20
315,315,316,725,299,2,reserve,2022-07-08
316,316,317,990,161,1,reserve,2023-02-02
317,317,318,917,27,2,drop_off,2023-04-26
318,318,319,817,192,2,drop_off,2023-01-09
319,319,320,21,54,1,drop_off,2022-07-23
320,320,321,672,94,3,drop_off,2022-07-21
321,321,322,320,57,1,pick_up,2022-06-10
322,322,323,162,137,5,drop_off,2023-01-27
323,323,324,128,175,5,reserve,2023-01-24
324,324,325,508,28,2,reserve,2022-10-15
325,325,326,284,244,4,pick_up,2022-07-19
326,326,327,622,203,5,reserve,2022-11-14
327,327,328,318,218,2,drop_off,2023-01-11
328,328,329,300,125,3,pick_up,2022-08-16
329,329,330,301,30,5,pick_up,2022-06-16
330,330,331,378,254,2,reserve,2023-01-20
331,331,332,900,242,5,reserve,2022-11-11
332,332,333,463,188,3,drop_off,2022-12-30
333,333,334,800,162,1,pick_up,2022-07-21
334,334,335,970,156,3,reserve,2022-10-16
335,335,336,620,20,5,drop_off,2023-04-04
336,336,337,198,238,1,reserve,2022-08-05
337,337,338,250,42,3,reserve,2023-02-02
338,338,339,378,33,2,pick_up,2022-09-15
339,339,340,879,47,3,drop_off,2022-10-13
340,340,341,300,143,1,pick_up,2023-02-13
341,341,342,292,55,4,pick_up,2023-03-07
342,342,343,648,85,2,pick_up,2022-08-26
343,343,344,856,285,1,reserve,2023-03-02
344,344,345,236,154,3,reserve,2023-05-11
345,345,346,925,223,1,pick_up,2023-04-15
346,346,347,329,263,2,drop_off,2022-08-19
347,347,348,728,266,5,reserve,2023-02-01
348,348,349,277,75,1,drop_off,2023-02-06
349,349,350,129,165,3,drop_off,2023-03-17
350,350,351,565,290,5,pick_up,2023-02-22
351,351,352,318,93,3,pick_up,2022-12-07
352,352,353,920,4,4,drop_off,2022-11-08
353,353,354,876,41,2,drop_off,2022-12-10
354,354,355,408,85,3,reserve,2023-04-20
355,355,356,144,57,4,reserve,2023-03-18
356,356,357,884,171,3,reserve,2023-01-24
357,357,358,698,159,5,pick_up,2022-10-19
358,358,359,844,152,2,drop_off,2022-06-13
359,359,360,882,187,5,pick_up,2022-07-24
360,360,361,550,207,5,drop_off,2022-10-17
361,361,362,90,130,1,reserve,2022-06-02
362,362,363,722,49,1,pick_up,2022-08-03
363,363,364,795,177,2,pick_up,2023-05-28
364,364,365,447,23,1,drop_off,2022-06-04
365,365,366,544,146,1,drop_off,2023-01-15
366,366,367,77,126,3,drop_off,2023-05-15
367,367,368,513,26,2,reserve,2023-01-14
368,368,369,257,252,3,pick_up,2023-01-29
369,369,370,527,111,1,reserve,2023-03-12
370,370,371,476,86,2,drop_off,2022-09-04
371,371,372,651,282,5,pick_up,2023-01-31
372,372,373,27,84,1,pick_up,2022-07-21
373,373,374,521,96,5,drop_off,2022-11-14
374,374,375,749,3,2,pick_up,2023-02-10
375,375,376,461,30,5,pick_up,2022-06-13
376,376,377,969,96,1,pick_up,2022-09-12
377,377,378,721,91,4,drop_off,2022-11-10
378,378,379,344,94,2,drop_off,2022-11-07
379,379,380,636,98,3,drop_off,2022-07-17
380,380,381,696,171,1,drop_off,2022-12-07
381,381,382,511,261,5,reserve,2022-06-13
382,382,383,379,191,4,reserve,2022-07-24
383,383,384,16,265,1,drop_off,2023-01-29
384,384,385,46,192,1,reserve,2022-08-02
385,385,386,382,13,3,drop_off,2023-04-10
386,386,387,454,209,1,drop_off,2023-04-25
387,387,388,959,42,4,pick_up,2023-04-29
388,388,389,801,241,5,reserve,2022-08-05
389,389,390,203,157,1,pick_up,2023-01-02
390,390,391,339,95,3,drop_off,2022-12-24
391,391,392,450,103,4,reserve,2022-11-02
392,392,393,147,32,1,pick_up,2023-03-28
393,393,394,961,286,2,pick_up,2023-05-21
394,394,395,233,140,1,pick_up,2023-03-27
395,395,396,314,72,2,pick_up,2023-05-15
396,396,397,621,245,1,pick_up,2022-10-15
397,397,398,573,173,1,drop_off,2022-06-25
398,398,399,892,171,4,drop_off,2023-01-24
399,399,400,937,65,5,drop_off,2022-11-14
400,400,401,441,223,4,reserve,2022-08-25
401,401,402,127,287,3,drop_off,2022-09-28
402,402,403,903,67,1,drop_off,2023-01-08
403,403,404,70,212,2,pick_up,2023-01-15
404,404,405,294,48,3,reserve,2023-05-06
405,405,406,510,213,4,pick_up,2022-07-22
406,406,407,897,261,3,pick_up,2022-10-24
407,407,408,182,215,4,pick_up,2022-08-21
408,408,409,106,204,5,drop_off,2022-06-03
409,409,410,600,158,4,pick_up,2023-02-13
410,410,411,432,49,3,pick_up,2023-01-30
411,411,412,497,81,3,pick_up,2023-04-18
412,412,413,497,292,2,drop_off,2023-04-02
413,413,414,319,100,2,reserve,2023-02-27
414,414,415,314,158,1,reserve,2023-03-26
415,415,416,391,256,1,drop_off,2022-11-09
416,416,417,148,152,4,pick_up,2023-03-24
417,417,418,653,280,2,pick_up,2023-04-26
418,418,419,91,161,4,drop_off,2023-05-12
419,419,420,395,281,3,drop_off,2023-01-09
420,420,421,673,282,3,reserve,2022-06-14
421,421,422,176,158,1,reserve,2023-03-29
422,422,423,536,140,2,drop_off,2022-06-22
423,423,424,488,129,5,reserve,2022-08-28
424,424,425,248,230,2,drop_off,2022-07-26
425,425,426,445,169,3,reserve,2023-03-01
426,426,427,662,195,2,drop_off,2023-05-21
427,427,428,295,192,4,pick_up,2022-10-15
428,428,429,643,100,5,drop_off,2022-07-30
429,429,430,460,193,4,pick_up,2023-03-15
430,430,431,164,6,4,drop_off,2022-08-20
431,431,432,540,286,2,drop_off,2022-09-10
432,432,433,482,76,3,pick_up,2022-07-16
433,433,434,662,133,2,reserve,2022-06-20
434,434,435,1000,207,2,pick_up,2023-02-27
435,435,436,251,267,5,pick_up,2022-07-08
436,436,437,724,148,1,drop_off,2023-03-31
437,437,438,897,163,1,drop_off,2023-05-20
438,438,439,917,51,2,reserve,2022-07-06
439,439,440,67,141,5,drop_off,2022-08-30
440,440,441,850,78,1,drop_off,2023-03-28
441,441,442,930,153,1,reserve,2022-07-12
442,442,443,500,144,1,drop_off,2022-11-08
443,443,444,785,250,5,drop_off,2023-04-24
444,444,445,954,80,2,reserve,2023-02-28
445,445,446,672,220,4,drop_off,2022-11-27
446,446,447,259,182,5,drop_off,2022-09-13
447,447,448,507,167,4,pick_up,2023-03-03
448,448,449,514,134,3,drop_off,2022-06-18
449,449,450,370,227,5,drop_off,2023-03-07
450,450,451,600,64,2,drop_off,2022-06-12
451,451,452,15,268,1,reserve,2022-09-01
452,452,453,396,149,1,reserve,2022-07-01
453,453,454,864,53,2,drop_off,2023-05-23
454,454,455,573,288,1,reserve,2023-02-15
455,455,456,187,292,2,drop_off,2022-11-27
456,456,457,694,41,4,drop_off,2023-03-06
457,457,458,689,51,2,drop_off,2023-04-08
458,458,459,932,248,2,reserve,2023-01-18
459,459,460,834,176,1,reserve,2022-12-30
460,460,461,382,73,5,reserve,2022-06-25
461,461,462,207,85,4,pick_up,2022-07-09
462,462,463,719,288,1,pick_up,2023-04-04
463,463,464,505,239,2,drop_off,2023-01-14
464,464,465,999,263,3,reserve,2023-04-06
465,465,466,32,70,1,pick_up,2022-11-20
466,466,467,417,229,2,drop_off,2023-01-11
467,467,468,438,8,2,pick_up,2022-08-25
468,468,469,601,150,3,drop_off,2023-01-08
469,469,470,579,279,4,drop_off,2022-09-03
470,470,471,486,188,2,drop_off,2022-09-14
471,471,472,900,87,2,drop_off,2022-11-20
472,472,473,911,232,4,reserve,2022-08-02
473,473,474,488,247,1,pick_up,2022-06-22
474,474,475,527,212,4,drop_off,2023-03-26
475,475,476,993,238,1,pick_up,2022-06-25
476,476,477,458,210,1,reserve,2022-07-26
477,477,478,782,93,3,pick_up,2022-06-09
478,478,479,743,185,5,drop_off,2022-07-06
479,479,480,863,214,2,pick_up,2022-07-02
480,480,481,74,58,1,drop_off,2022-06-12
481,481,482,439,101,1,drop_off,2022-12-02
482,482,483,908,95,5,reserve,2022-11-09
483,483,484,992,191,2,reserve,2023-01-05
484,484,485,399,14,4,reserve,2022-12-18
485,485,486,523,222,5,reserve,2023-01-31
486,486,487,28,208,1,pick_up,2023-03-26
487,487,488,772,293,2,pick_up,2023-04-06
488,488,489,606,140,3,reserve,2023-01-19
489,489,490,394,263,3,drop_off,2023-04-13
490,490,491,694,148,1,drop_off,2023-02-07
491,491,492,818,55,1,drop_off,2022-09-26
492,492,493,531,140,1,pick_up,2023-04-16
493,493,494,838,87,4,reserve,2022-11-12
494,494,495,921,235,5,drop_off,2022-11-08
495,495,496,321,247,1,drop_off,2022-12-03
496,496,497,949,61,2,drop_off,2023-04-04
497,497,498,851,181,1,drop_off,2022-06-15
498,498,499,217,215,5,pick_up,2023-01-23
499,499,500,480,76,4,pick_up,2022-07-26
500,500,501,278,284,1,reserve,2022-06-24
501,501,502,539,220,1,reserve,2023-04-06
502,502,503,595,279,5,pick_up,2023-05-30
503,503,504,596,119,2,drop_off,2022-10-27
504,504,505,400,232,1,reserve,2022-12-31
505,505,506,970,134,2,pick_up,2022-08-05
506,506,507,793,118,3,drop_off,2023-03-04
507,507,508,289,66,5,drop_off,2022-12-10
508,508,509,116,170,4,drop_off,2023-03-04
509,509,510,118,32,3,drop_off,2022-09-23
510,510,511,188,57,4,drop_off,2022-07-03
511,511,512,725,162,2,reserve,2022-09-24
512,512,513,95,65,1,pick_up,2022-12-20
513,513,514,329,153,1,pick_up,2022-08-11
514,514,515,532,170,5,pick_up,2022-08-11
515,515,516,797,68,2,drop_off,2022-09-02
516,516,517,105,216,2,drop_off,2022-09-09
517,517,518,476,12,2,pick_up,2022-11-10
518,518,519,82,86,5,reserve,2023-02-06
519,519,520,501,70,2,drop_off,2023-01-13
520,520,521,911,270,4,pick_up,2022-11-29
521,521,522,717,242,2,drop_off,2023-05-11
522,522,523,539,59,1,drop_off,2023-04-19
523,523,524,741,180,1,reserve,2022-09-24
524,524,525,260,186,2,pick_up,2023-05-12
525,525,526,90,41,2,drop_off,2022-08-24
526,526,527,211,205,4,pick_up,2023-04-08
527,527,528,770,239,3,drop_off,2023-01-01
528,528,529,385,200,1,drop_off,2022-10-08
529,529,530,715,207,4,drop_off,2023-03-28
530,530,531,846,109,1,drop_off,2023-05-21
531,531,532,415,226,2,reserve,2022-06-25
532,532,533,158,294,2,reserve,2022-08-25
533,533,534,78,89,2,reserve,2022-08-13
534,534,535,308,2,1,drop_off,2022-09-20
535,535,536,41,167,5,pick_up,2022-09-09
536,536,537,486,11,3,drop_off,2022-10-16
537,537,538,181,59,4,pick_up,2022-11-25
538,538,539,138,192,2,drop_off,2022-08-15
539,539,540,447,270,1,drop_off,2022-07-23
540,540,541,586,144,2,reserve,2023-03-09
541,541,542,305,200,3,drop_off,2022-09-27
542,542,543,239,151,1,reserve,2023-05-04
543,543,544,88,49,2,reserve,2022-06-29
544,544,545,821,116,3,reserve,2022-09-16
545,545,546,625,46,5,drop_off,2022-10-07
546,546,547,831,264,2,pick_up,2022-10-23
547,547,548,411,72,1,reserve,2023-04-05
548,548,549,920,151,4,pick_up,2023-05-14
549,549,550,843,206,3,reserve,2023-02-08
550,550,551,739,248,4,pick_up,2023-05-22
551,551,552,177,73,5,reserve,2023-02-27
552,552,553,428,214,4,drop_off,2023-03-21
553,553,554,270,25,2,pick_up,2023-03-15
554,554,555,277,223,4,reserve,2022-07-03
555,555,556,432,32,4,reserve,2023-04-20
556,556,557,788,300,3,pick_up,2023-02-08
557,557,558,978,177,5,reserve,2022-06-27
558,558,559,273,217,1,pick_up,2022-06-12
559,559,560,734,127,2,drop_off,2022-08-11
560,560,561,705,189,2,reserve,2022-08-22
561,561,562,148,202,3,pick_up,2023-02-22
562,562,563,408,62,5,pick_up,2023-03-07
563,563,564,173,151,5,drop_off,2022-11-13
564,564,565,977,234,1,pick_up,2023-01-15
565,565,566,364,161,2,reserve,2022-10-31
566,566,567,251,112,2,reserve,2023-01-04
567,567,568,105,80,4,pick_up,2022-06-25
568,568,569,119,239,1,pick_up,2022-09-05
569,569,570,992,297,1,reserve,2023-04-06
570,570,571,399,272,2,pick_up,2022-08-23
571,571,572,410,196,3,reserve,2022-12-31
572,572,573,485,66,2,reserve,2023-03-29
573,573,574,241,158,4,drop_off,2022-07-05
574,574,575,576,57,2,reserve,2022-10-21
575,575,576,32,106,1,drop_off,2022-12-24
576,576,577,941,13,4,pick_up,2022-10-30
577,577,578,815,91,4,pick_up,2022-11-03
578,578,579,575,129,1,reserve,2022-11-14
579,579,580,881,230,1,drop_off,2023-01-07
580,580,581,379,154,5,drop_off,2022-06-25
581,581,582,546,186,2,pick_up,2022-12-25
582,582,583,217,173,2,pick_up,2023-03-19
583,583,584,483,68,4,reserve,2022-12-13
584,584,585,180,97,4,pick_up,2022-10-17
585,585,586,621,234,3,pick_up,2023-04-05
586,586,587,971,215,3,pick_up,2022-10-14
587,587,588,839,44,3,reserve,2023-04-23
588,588,589,901,291,4,reserve,2022-11-10
589,589,590,469,101,3,reserve,2023-05-02
590,590,591,66,60,3,pick_up,2022-09-07
591,591,592,107,30,1,drop_off,2022-11-08
592,592,593,411,84,3,drop_off,2022-12-08
593,593,594,427,171,5,pick_up,2023-05-21
594,594,595,774,95,3,reserve,2023-04-14
595,595,596,789,15,1,drop_off,2022-10-16
596,596,597,104,184,5,pick_up,2022-09-11
597,597,598,215,181,5,reserve,2022-12-10
598,598,599,894,121,2,drop_off,2022-11-03
599,599,600,628,248,4,drop_off,2022-08-21
600,600,601,615,252,2,pick_up,2022-07-19
601,601,602,623,194,4,pick_up,2022-09-08
602,602,603,479,273,2,pick_up,2023-01-26
603,603,604,136,54,2,drop_off,2023-05-07
604,604,605,188,287,2,drop_off,2022-07-20
605,605,606,556,53,2,reserve,2023-05-27
606,606,607,921,260,3,drop_off,2022-08-19
607,607,608,587,100,4,drop_off,2022-12-28
608,608,609,228,149,5,drop_off,2023-01-03
609,609,610,116,99,5,reserve,2022-08-03
610,610,611,863,197,2,pick_up,2022-11-07
611,611,612,111,11,4,drop_off,2023-03-13
612,612,613,20,156,1,drop_off,2022-06-14
613,613,614,590,188,4,drop_off,2022-06-07
614,614,615,64,24,2,pick_up,2023-01-22
615,615,616,313,18,4,pick_up,2022-11-02
616,616,617,846,296,3,reserve,2023-03-28
617,617,618,365,194,1,pick_up,2023-05-09
618,618,619,888,32,1,reserve,2023-02-08
619,619,620,901,267,3,reserve,2022-11-20
620,620,621,411,295,5,pick_up,2022-06-22
621,621,622,592,67,3,drop_off,2023-04-30
622,622,623,858,183,4,pick_up,2023-02-09
623,623,624,261,142,2,reserve,2023-01-03
624,624,625,74,259,4,pick_up,2022-07-25
625,625,626,560,201,1,pick_up,2022-07-28
626,626,627,631,51,5,drop_off,2022-08-07
627,627,628,326,191,3,reserve,2023-05-25
628,628,629,932,297,5,drop_off,2023-05-24
629,629,630,735,108,2,reserve,2023-01-11
630,630,631,43,242,1,drop_off,2023-01-26
631,631,632,293,1,5,reserve,2022-08-08
632,632,633,827,199,5,pick_up,2023-05-31
633,633,634,43,86,5,reserve,2022-06-18
634,634,635,983,90,2,pick_up,2023-03-26
635,635,636,56,229,1,drop_off,2023-02-04
636,636,637,489,41,2,drop_off,2022-12-04
637,637,638,658,231,1,pick_up,2023-01-26
638,638,639,460,225,3,pick_up,2022-12-08
639,639,640,378,203,1,pick_up,2022-12-22
640,640,641,647,182,4,pick_up,2022-09-14
641,641,642,216,48,3,drop_off,2023-01-19
642,642,643,268,18,2,drop_off,2023-03-02
643,643,644,46,196,4,reserve,2023-04-18
644,644,645,843,288,5,reserve,2022-06-10
645,645,646,620,293,1,drop_off,2023-04-08
646,646,647,923,245,2,pick_up,2023-03-17
647,647,648,265,249,2,drop_off,2022-10-08
648,648,649,628,238,2,drop_off,2023-04-02
649,649,650,521,90,1,reserve,2023-03-29
650,650,651,926,196,1,pick_up,2022-08-05
651,651,652,925,16,1,drop_off,2022-09-21
652,652,653,137,118,4,pick_up,2022-06-04
653,653,654,378,40,4,drop_off,2022-06-12
654,654,655,755,156,5,reserve,2023-05-23
655,655,656,822,135,3,pick_up,2022-12-29
656,656,657,418,57,4,drop_off,2023-03-08
657,657,658,148,268,1,pick_up,2023-04-17
658,658,659,28,20,1,pick_up,2022-12-25
659,659,660,404,254,3,drop_off,2022-06-20
660,660,661,29,259,5,drop_off,2023-01-22
661,661,662,957,61,5,pick_up,2022-09-23
662,662,663,545,76,1,drop_off,2023-04-06
663,663,664,610,128,5,pick_up,2023-03-16
664,664,665,788,272,4,pick_up,2022-11-01
665,665,666,354,56,4,drop_off,2022-11-16
666,666,667,84,213,2,reserve,2023-05-22
667,667,668,568,215,3,reserve,2022-11-05
668,668,669,640,12,2,drop_off,2022-07-23
669,669,670,656,246,4,reserve,2023-05-31
670,670,671,736,54,3,pick_up,2022-10-29
671,671,672,731,27,2,drop_off,2022-12-09
672,672,673,246,146,3,reserve,2022-11-27
673,673,674,984,270,5,reserve,2022-08-19
674,674,675,442,74,4,drop_off,2023-04-03
675,675,676,739,4,1,pick_up,2022-12-04
676,676,677,518,283,3,pick_up,2022-10-04
677,677,678,700,167,4,drop_off,2023-04-29
678,678,679,500,187,5,drop_off,2022-09-06
679,679,680,521,238,2,reserve,2023-05-16
680,680,681,913,297,2,reserve,2023-03-10
681,681,682,178,182,3,drop_off,2022-08-27
682,682,683,689,275,5,reserve,2022-09-04
683,683,684,827,181,2,reserve,2023-01-30
684,684,685,969,11,2,drop_off,2023-01-09
685,685,686,983,269,4,drop_off,2023-04-18
686,686,687,334,188,3,reserve,2023-02-13
687,687,688,463,224,5,pick_up,2022-12-25
688,688,689,836,230,5,reserve,2023-05-17
689,689,690,284,63,3,drop_off,2022-12-26
690,690,691,276,114,5,drop_off,2022-09-13
691,691,692,965,178,2,reserve,2022-08-27
692,692,693,670,178,5,reserve,2022-09-14
693,693,694,518,29,3,pick_up,2022-07-17
694,694,695,292,43,3,drop_off,2022-11-18
695,695,696,250,1,2,drop_off,2023-02-04
696,696,697,665,110,4,pick_up,2023-05-30
697,697,698,502,164,4,pick_up,2022-08-06
698,698,699,309,148,1,pick_up,2022-06-08
699,699,700,715,6,3,reserve,2023-05-17
700,700,701,874,200,4,reserve,2022-07-27
701,701,702,106,127,1,reserve,2022-10-06
702,702,703,442,192,3,reserve,2023-03-06
703,703,704,72,171,1,reserve,2023-04-28
704,704,705,306,130,5,pick_up,2023-05-12
705,705,706,465,77,3,reserve,2022-11-30
706,706,707,119,291,3,reserve,2023-03-02
707,707,708,831,74,2,pick_up,2023-04-05
708,708,709,278,258,5,reserve,2022-12-07
709,709,710,322,233,5,reserve,2022-09-21
710,710,711,399,116,1,reserve,2022-11-15
711,711,712,999,35,3,pick_up,2022-07-17
712,712,713,442,253,2,drop_off,2022-09-05
713,713,714,33,179,4,pick_up,2022-06-22
714,714,715,797,64,3,pick_up,2023-03-10
715,715,716,778,121,5,pick_up,2022-09-09
716,716,717,104,6,5,reserve,2023-03-09
717,717,718,173,295,4,reserve,2022-12-17
718,718,719,661,249,2,drop_off,2023-01-15
719,719,720,728,144,4,drop_off,2022-06-07
720,720,721,993,100,5,drop_off,2022-06-11
721,721,722,874,132,2,reserve,2022-06-06
722,722,723,641,282,3,drop_off,2023-01-30
723,723,724,770,189,2,drop_off,2022-09-05
724,724,725,608,148,5,drop_off,2022-07-01
725,725,726,971,8,1,drop_off,2022-07-13
726,726,727,334,117,4,drop_off,2022-09-20
727,727,728,700,143,3,pick_up,2023-02-19
728,728,729,36,172,4,reserve,2022-07-07
729,729,730,907,45,5,drop_off,2022-09-05
730,730,731,390,82,3,drop_off,2022-07-03
731,731,732,345,175,1,pick_up,2023-04-23
732,732,733,173,179,2,drop_off,2022-06-13
733,733,734,735,112,4,pick_up,2023-02-28
734,734,735,789,75,2,drop_off,2023-01-16
735,735,736,29,226,5,drop_off,2022-10-26
736,736,737,178,94,4,pick_up,2022-11-09
737,737,738,208,272,1,drop_off,2022-10-09
738,738,739,765,293,4,pick_up,2022-07-10
739,739,740,817,226,3,reserve,2022-11-02
740,740,741,157,54,4,reserve,2022-10-13
741,741,742,866,5,3,drop_off,2022-10-26
742,742,743,352,196,3,drop_off,2022-11-13
743,743,744,331,283,4,reserve,2023-03-30
744,744,745,905,174,2,pick_up,2022-06-14
745,745,746,812,94,2,reserve,2022-09-13
746,746,747,334,43,3,pick_up,2023-02-11
747,747,748,636,262,3,drop_off,2022-09-25
748,748,749,206,134,4,pick_up,2023-01-16
749,749,750,794,109,5,pick_up,2022-09-16
750,750,751,556,92,1,pick_up,2023-03-17
751,751,752,367,133,1,reserve,2022-07-20
752,752,753,909,17,3,reserve,2022-07-23
753,753,754,84,121,4,reserve,2022-09-20
754,754,755,242,264,1,pick_up,2023-03-25
755,755,756,106,262,2,reserve,2022-11-07
756,756,757,23,22,3,reserve,2022-08-15
757,757,758,236,176,1,drop_off,2022-07-02
758,758,759,919,148,4,pick_up,2023-02-28
759,759,760,687,264,1,reserve,2023-05-09
760,760,761,682,274,3,pick_up,2023-01-19
761,761,762,201,18,1,drop_off,2022-11-09
762,762,763,126,235,5,pick_up,2023-05-15
763,763,764,335,94,4,reserve,2022-09-11
764,764,765,210,3,4,reserve,2022-10-29
765,765,766,168,140,5,drop_off,2023-01-10
766,766,767,277,18,1,reserve,2023-04-15
767,767,768,266,111,2,drop_off,2022-07-21
768,768,769,562,47,2,drop_off,2023-01-12
769,769,770,1000,288,3,reserve,2022-07-25
770,770,771,59,13,1,reserve,2022-10-23
771,771,772,740,144,3,drop_off,2022-12-17
772,772,773,673,132,2,drop_off,2023-01-19
773,773,774,645,7,3,reserve,2023-04-10
774,774,775,283,168,2,drop_off,2022-07-17
775,775,776,530,201,4,reserve,2023-05-28
776,776,777,616,104,2,drop_off,2023-03-18
777,777,778,184,236,2,drop_off,2022-06-29
778,778,779,555,280,1,drop_off,2023-02-02
779,779,780,771,260,2,pick_up,2023-02-12
780,780,781,847,9,5,drop_off,2022-12-04
781,781,782,428,218,4,pick_up,2023-04-11
782,782,783,49,103,5,pick_up,2023-01-09
783,783,784,712,291,2,drop_off,2022-09-21
784,784,785,316,27,3,reserve,2022-07-17
785,785,786,839,279,2,reserve,2023-05-11
786,786,787,103,273,1,pick_up,2023-04-26
787,787,788,174,147,1,drop_off,2022-06-04
788,788,789,723,118,3,drop_off,2022-08-23
789,789,790,706,193,2,reserve,2022-09-04
790,790,791,680,105,5,pick_up,2023-03-23
791,791,792,514,183,3,drop_off,2022-08-01
792,792,793,218,5,3,drop_off,2023-02-25
793,793,794,111,289,4,pick_up,2022-09-03
794,794,795,886,116,2,reserve,2022-09-01
795,795,796,713,17,3,reserve,2022-11-08
796,796,797,272,79,3,drop_off,2023-03-12
797,797,798,615,126,4,pick_up,2023-05-29
798,798,799,201,129,3,pick_up,2023-05-05
799,799,800,556,268,3,pick_up,2023-05-22
800,800,801,267,78,2,pick_up,2022-06-16
801,801,802,502,120,3,pick_up,2022-09-30
802,802,803,469,299,5,pick_up,2023-03-07
803,803,804,874,34,5,drop_off,2022-06-12
804,804,805,788,296,1,reserve,2023-01-12
805,805,806,435,20,5,reserve,2023-03-01
806,806,807,27,16,2,drop_off,2022-12-14
807,807,808,574,53,1,reserve,2022-06-17
808,808,809,466,290,1,drop_off,2023-04-22
809,809,810,472,3,1,drop_off,2023-01-27
810,810,811,986,13,1,reserve,2023-03-10
811,811,812,613,106,1,drop_off,2022-12-23
812,812,813,60,28,4,drop_off,2022-10-28
813,813,814,93,202,1,drop_off,2023-04-22
814,814,815,937,5,1,reserve,2022-09-28
815,815,816,19,252,5,drop_off,2023-04-21
816,816,817,789,186,5,drop_off,2023-05-12
817,817,818,344,74,1,pick_up,2022-06-29
818,818,819,510,55,4,reserve,2022-10-30
819,819,820,235,130,5,pick_up,2022-07-02
820,820,821,606,25,4,pick_up,2022-10-01
821,821,822,278,181,1,drop_off,2022-11-08
822,822,823,361,123,3,reserve,2022-06-03
823,823,824,168,251,1,drop_off,2022-09-05
824,824,825,468,247,5,drop_off,2023-04-30
825,825,826,425,238,3,reserve,2022-12-05
826,826,827,202,18,3,reserve,2023-02-03
827,827,828,615,96,4,pick_up,2023-03-05
828,828,829,695,67,4,reserve,2022-10-12
829,829,830,89,3,5,pick_up,2022-11-18
830,830,831,311,94,5,drop_off,2023-05-19
831,831,832,827,178,3,pick_up,2023-04-20
832,832,833,741,123,2,drop_off,2022-07-03
833,833,834,349,226,4,reserve,2023-03-03
834,834,835,612,2,5,drop_off,2023-04-17
835,835,836,176,255,5,drop_off,2023-03-05
836,836,837,15,45,5,drop_off,2022-09-18
837,837,838,932,214,3,pick_up,2022-11-11
838,838,839,531,71,1,drop_off,2022-07-02
839,839,840,624,31,3,drop_off,2023-02-16
840,840,841,153,10,3,pick_up,2022-07-22
841,841,842,972,161,4,drop_off,2022-06-05
842,842,843,641,197,2,drop_off,2022-06-04
843,843,844,907,51,5,reserve,2023-02-21
844,844,845,617,183,5,reserve,2023-04-10
845,845,846,471,286,5,pick_up,2023-04-26
846,846,847,950,236,4,reserve,2023-01-25
847,847,848,452,229,4,reserve,2023-04-06
848,848,849,149,118,5,pick_up,2023-04-20
849,849,850,100,264,2,reserve,2023-04-25
850,850,851,804,62,5,reserve,2022-10-06
851,851,852,318,158,4,pick_up,2022-11-07
852,852,853,685,113,5,reserve,2022-10-16
853,853,854,500,41,1,pick_up,2023-04-24
854,854,855,831,135,4,pick_up,2023-05-16
855,855,856,948,183,3,pick_up,2022-06-01
856,856,857,643,215,1,pick_up,2022-11-04
857,857,858,478,197,4,reserve,2023-04-19
858,858,859,560,126,3,pick_up,2023-05-03
859,859,860,895,282,1,drop_off,2022-12-23
860,860,861,228,64,5,pick_up,2022-12-08
861,861,862,749,68,1,pick_up,2022-11-18
862,862,863,168,212,5,reserve,2023-05-11
863,863,864,506,23,1,reserve,2022-10-24
864,864,865,259,12,5,drop_off,2023-05-10
865,865,866,59,134,5,drop_off,2023-03-21
866,866,867,555,259,2,drop_off,2023-01-17
867,867,868,266,124,3,pick_up,2023-01-08
868,868,869,88,40,3,drop_off,2022-12-01
869,869,870,58,196,2,drop_off,2023-01-04
870,870,871,45,106,2,pick_up,2022-07-19
871,871,872,842,209,5,pick_up,2023-03-31
872,872,873,323,44,5,reserve,2022-12-26
873,873,874,666,164,5,pick_up,2022-09-04
874,874,875,433,111,5,pick_up,2022-11-27
875,875,876,193,34,1,reserve,2022-06-07
876,876,877,219,64,5,pick_up,2023-03-22
877,877,878,206,171,1,pick_up,2023-02-25
878,878,879,920,191,3,drop_off,2022-07-02
879,879,880,445,288,2,drop_off,2023-02-15
880,880,881,204,214,4,pick_up,2022-07-20
881,881,882,891,15,3,drop_off,2022-10-06
882,882,883,476,61,3,drop_off,2023-05-19
883,883,884,660,292,2,pick_up,2022-08-16
884,884,885,79,193,3,drop_off,2023-05-18
885,885,886,198,269,1,pick_up,2022-12-14
886,886,887,793,189,5,pick_up,2022-10-17
887,887,888,701,114,4,pick_up,2023-05-11
888,888,889,703,282,5,pick_up,2022-09-30
889,889,890,623,154,3,drop_off,2023-05-26
890,890,891,729,129,1,reserve,2023-01-22
891,891,892,937,172,3,drop_off,2022-12-01
892,892,893,716,30,2,pick_up,2023-04-10
893,893,894,851,233,3,reserve,2023-02-09
894,894,895,796,89,4,reserve,2023-04-22
895,895,896,765,149,1,drop_off,2022-06-03
896,896,897,98,279,3,drop_off,2022-08-08
897,897,898,20,189,3,drop_off,2023-02-22
898,898,899,317,226,1,drop_off,2022-09-28
899,899,900,677,63,2,pick_up,2023-03-04
900,900,901,926,223,4,reserve,2022-09-10
901,901,902,722,97,2,reserve,2022-08-20
902,902,903,907,61,1,pick_up,2022-06-28
903,903,904,325,221,5,drop_off,2022-07-31
904,904,905,765,37,1,drop_off,2022-10-03
905,905,906,737,35,2,reserve,2022-06-21
906,906,907,253,155,5,drop_off,2023-05-31
907,907,908,663,288,1,pick_up,2022-10-06
908,908,909,536,18,2,drop_off,2023-03-02
909,909,910,821,274,5,pick_up,2022-11-04
910,910,911,376,28,5,pick_up,2022-12-13
911,911,912,85,263,5,reserve,2022-11-08
912,912,913,893,187,2,drop_off,2022-11-19
913,913,914,920,67,2,reserve,2023-01-06
914,914,915,580,37,5,drop_off,2023-01-12
915,915,916,355,220,5,reserve,2022-07-17
916,916,917,52,44,1,drop_off,2022-11-19
917,917,918,163,39,2,drop_off,2022-09-04
918,918,919,106,36,2,reserve,2022-10-17
919,919,920,156,287,5,reserve,2022-10-30
920,920,921,153,29,3,pick_up,2022-11-16
921,921,922,572,205,2,drop_off,2022-11-13
922,922,923,536,79,5,drop_off,2022-10-20
923,923,924,664,291,3,reserve,2022-10-02
924,924,925,534,92,3,drop_off,2022-07-15
925,925,926,354,131,3,drop_off,2022-10-14
926,926,927,456,225,4,drop_off,2022-09-13
927,927,928,225,56,2,reserve,2022-12-03
928,928,929,873,225,2,drop_off,2022-12-15
929,929,930,762,281,4,pick_up,2022-09-16
930,930,931,334,120,3,drop_off,2022-08-22
931,931,932,96,238,5,drop_off,2022-12-27
932,932,933,777,5,3,reserve,2023-02-12
933,933,934,189,27,2,reserve,2023-04-22
934,934,935,829,16,3,reserve,2023-05-01
935,935,936,221,32,2,pick_up,2022-10-26
936,936,937,998,68,1,pick_up,2022-08-03
937,937,938,320,289,3,pick_up,2022-11-27
938,938,939,647,176,3,pick_up,2022-12-14
939,939,940,115,126,5,pick_up,2023-02-21
940,940,941,359,100,2,pick_up,2023-01-12
941,941,942,37,22,5,reserve,2022-09-07
942,942,943,1000,64,1,pick_up,2022-12-12
943,943,944,230,298,3,pick_up,2022-06-28
944,944,945,387,201,2,reserve,2023-02-03
945,945,946,377,185,1,drop_off,2023-02-24
946,946,947,673,270,2,reserve,2022-07-29
947,947,948,199,21,5,drop_off,2022-08-20
948,948,949,781,88,3,drop_off,2022-06-12
949,949,950,325,123,3,pick_up,2023-05-23
950,950,951,866,256,5,pick_up,2023-02-28
951,951,952,565,124,3,drop_off,2023-03-04
952,952,953,414,126,4,pick_up,2023-02-21
953,953,954,876,297,1,reserve,2023-02-13
954,954,955,567,225,5,pick_up,2023-02-27
955,955,956,158,237,3,reserve,2022-06-03
956,956,957,725,240,1,reserve,2023-03-19
957,957,958,719,161,3,reserve,2022-12-13
958,958,959,974,183,4,drop_off,2023-03-19
959,959,960,690,97,3,pick_up,2022-11-12
960,960,961,977,136,1,reserve,2022-12-25
961,961,962,659,122,1,drop_off,2023-05-17
962,962,963,323,162,5,reserve,2022-08-27
963,963,964,431,273,3,pick_up,2023-05-10
964,964,965,399,24,1,drop_off,2023-05-14
965,965,966,941,168,5,pick_up,2023-02-22
966,966,967,290,84,4,reserve,2022-09-05
967,967,968,379,280,4,reserve,2022-08-24
968,968,969,936,137,4,drop_off,2022-06-01
969,969,970,266,114,4,reserve,2022-11-28
970,970,971,843,271,2,drop_off,2023-03-01
971,971,972,357,80,3,reserve,2023-05-11
972,972,973,467,154,5,drop_off,2023-04-25
973,973,974,381,82,3,reserve,2022-11-18
974,974,975,51,153,3,drop_off,2023-01-13
975,975,976,54,174,2,drop_off,2022-08-11
976,976,977,869,76,4,reserve,2022-06-30
977,977,978,54,141,5,drop_off,2023-02-02
978,978,979,998,213,2,pick_up,2022-06-20
979,979,980,731,116,1,drop_off,2023-01-16
980,980,981,257,57,4,drop_off,2023-05-29
981,981,982,47,35,1,pick_up,2022-12-31
982,982,983,49,82,4,pick_up,2022-10-02
983,983,984,909,101,4,reserve,2023-02-20
984,984,985,134,140,2,drop_off,2023-04-12
985,985,986,928,202,2,drop_off,2023-05-13
986,986,987,855,175,5,reserve,2022-09-21
987,987,988,303,60,5,drop_off,2022-08-29
988,988,989,434,114,3,reserve,2023-01-17
989,989,990,551,62,1,pick_up,2022-11-20
990,990,991,203,196,1,pick_up,2022-12-09
991,991,992,167,26,3,pick_up,2022-08-27
992,992,993,193,21,1,reserve,2023-01-18
993,993,994,346,221,3,pick_up,2023-03-17
994,994,995,408,201,1,pick_up,2022-08-09
995,995,996,190,117,1,pick_up,2022-10-08
996,996,997,654,242,1,drop_off,2023-01-14
997,997,998,38,2,1,pick_up,2023-05-03
998,998,999,69,268,1,pick_up,2022-09-08
999,999,1000,839,276,5,drop_off,2023-02-03
1000,0,1,353,205,4,pick_up,2021-10-06
1001,1,2,845,215,4,reserve,2021-07-07
1002,2,3,363,56,4,reserve,2022-04-11
1003,3,4,225,45,5,pick_up,2021-06-19
1004,4,5,487,153,5,reserve,2021-08-31
1005,5,6,459,117,3,reserve,2021-09-26
1006,6,7,340,204,4,reserve,2022-02-07
1007,7,8,668,129,4,reserve,2022-01-21
1008,8,9,798,272,2,pick_up,2022-04-29
1009,9,10,589,21,4,drop_off,2022-02-27
1010,10,11,578,40,4,pick_up,2021-07-28
1011,11,12,826,44,1,reserve,2021-12-10
1012,12,13,80,251,1,pick_up,2021-11-28
1013,13,14,245,201,2,pick_up,2022-03-16
1014,14,15,434,175,4,drop_off,2022-02-16
1015,15,16,787,289,1,pick_up,2021-10-21
1016,16,17,313,272,3,drop_off,2021-08-12
1017,17,18,513,52,2,drop_off,2021-06-03
1018,18,19,419,110,4,drop_off,2021-12-18
1019,19,20,711,228,4,reserve,2022-01-20
1020,20,21,113,29,4,drop_off,2022-05-23
1021,21,22,686,52,5,drop_off,2022-01-12
1022,22,23,358,159,5,drop_off,2022-05-17
1023,23,24,447,298,5,pick_up,2021-07-31
1024,24,25,553,37,2,reserve,2021-12-09
1025,25,26,395,176,2,pick_up,2021-08-07
1026,26,27,704,111,3,drop_off,2022-03-22
1027,27,28,735,227,1,reserve,2022-05-05
1028,28,29,170,114,5,reserve,2021-10-10
1029,29,30,412,219,1,drop_off,2021-08-26
1030,30,31,727,118,2,drop_off,2021-07-06
1031,31,32,683,32,4,drop_off,2022-03-11
1032,32,33,166,3,2,pick_up,2022-05-19
1033,33,34,841,2,5,pick_up,2022-05-01
1034,34,35,517,91,2,reserve,2022-04-01
1035,35,36,143,226,3,reserve,2021-09-15
1036,36,37,758,7,5,pick_up,2022-01-19
1037,37,38,449,244,1,drop_off,2021-10-09
1038,38,39,511,145,1,drop_off,2021-10-19
1039,39,40,167,228,2,drop_off,2022-02-07
1040,40,41,686,251,4,reserve,2021-08-03
1041,41,42,788,134,5,reserve,2021-12-17
1042,42,43,281,50,2,reserve,2022-04-22
1043,43,44,374,112,3,drop_off,2022-02-20
1044,44,45,277,193,4,drop_off,2021-07-27
1045,45,46,683,223,2,drop_off,2021-06-29
1046,46,47,697,188,5,pick_up,2022-02-01
1047,47,48,106,238,5,pick_up,2021-07-08
1048,48,49,589,136,1,reserve,2022-02-25
1049,49,50,297,1,5,drop_off,2021-07-01
1050,50,51,556,6,3,reserve,2022-01-22
1051,51,52,640,246,1,reserve,2022-01-12
1052,52,53,670,284,1,drop_off,2022-05-17
1053,53,54,363,119,2,reserve,2021-07-10
1054,54,55,318,290,2,reserve,2021-08-27
1055,55,56,139,86,2,reserve,2022-04-27
1056,56,57,768,18,1,reserve,2021-09-28
1057,57,58,169,235,5,drop_off,2022-04-26
1058,58,59,235,185,2,pick_up,2022-03-05
1059,59,60,89,154,4,reserve,2022-01-19
1060,60,61,238,5,5,drop_off,2022-03-16
1061,61,62,153,230,2,drop_off,2022-04-23
1062,62,63,360,88,4,drop_off,2021-09-11
1063,63,64,74,4,3,reserve,2021-11-28
1064,64,65,769,263,2,pick_up,2021-12-15
1065,65,66,727,189,1,reserve,2021-06-03
1066,66,67,123,269,2,pick_up,2021-12-15
1067,67,68,622,171,5,reserve,2021-10-18
1068,68,69,857,213,2,pick_up,2021-10-04
1069,69,70,193,240,4,pick_up,2022-03-28
1070,70,71,643,8,1,drop_off,2022-05-02
1071,71,72,170,187,4,drop_off,2022-02-17
1072,72,73,470,217,2,drop_off,2021-08-18
1073,73,74,747,165,5,drop_off,2021-07-31
1074,74,75,291,112,5,pick_up,2021-08-14
1075,75,76,693,289,1,reserve,2022-02-04
1076,76,77,253,269,5,drop_off,2022-05-03
1077,77,78,81,152,1,pick_up,2022-03-02
1078,78,79,289,299,1,reserve,2022-04-15
1079,79,80,840,196,3,reserve,2021-08-11
1080,80,81,171,181,4,reserve,2022-05-23
1081,81,82,91,161,4,pick_up,2022-03-12
1082,82,83,169,185,3,reserve,2021-11-22
1083,83,84,374,299,2,pick_up,2021-12-10
1084,84,85,217,31,5,pick_up,2022-01-12
1085,85,86,637,200,3,pick_up,2021-10-02
1086,86,87,119,232,1,reserve,2022-04-06
1087,87,88,96,141,4,pick_up,2021-07-09
1088,88,89,666,253,5,drop_off,2022-01-16
1089,89,90,251,38,2,pick_up,2022-01-16
1090,90,91,616,66,5,drop_off,2022-05-21
1091,91,92,817,266,3,pick_up,2021-12-19
1092,92,93,846,288,3,pick_up,2022-02-28
1093,93,94,823,96,1,pick_up,2022-05-27
1094,94,95,488,154,5,reserve,2022-05-25
1095,95,96,831,210,2,drop_off,2022-04-22
1096,96,97,253,92,4,pick_up,2022-02-06
1097,97,98,333,178,3,pick_up,2022-01-29
1098,98,99,808,83,5,drop_off,2021-09-05
1099,99,100,811,40,2,reserve,2021-07-04
1100,100,101,802,193,1,pick_up,2021-06-21
1101,101,102,651,115,4,reserve,2022-03-29
1102,102,103,798,128,4,drop_off,2021-12-23
1103,103,104,192,188,4,drop_off,2021-07-16
1104,104,105,304,139,5,reserve,2021-07-11
1105,105,106,375,16,5,drop_off,2022-03-15
1106,106,107,505,45,4,drop_off,2022-04-14
1107,107,108,333,131,3,drop_off,2022-05-04
1108,108,109,213,69,5,pick_up,2021-07-16
1109,109,110,114,94,3,pick_up,2021-07-30
1110,110,111,740,176,2,reserve,2021-10-18
1111,111,112,831,252,4,pick_up,2021-08-17
1112,112,113,512,231,1,pick_up,2021-06-01
1113,113,114,565,95,5,reserve,2021-11-18
1114,114,115,641,51,5,drop_off,2022-02-19
1115,115,116,139,48,2,drop_off,2021-11-30
1116,116,117,717,241,4,pick_up,2022-01-09
1117,117,118,419,198,3,drop_off,2022-02-03
1118,118,119,358,212,5,drop_off,2021-07-19
1119,119,120,614,58,5,pick_up,2021-08-14
1120,120,121,608,103,5,pick_up,2022-01-16
1121,121,122,337,113,1,reserve,2021-08-20
1122,122,123,335,116,3,pick_up,2021-07-03
1123,123,124,240,64,1,pick_up,2021-11-14
1124,124,125,489,54,1,drop_off,2021-07-17
1125,125,126,127,5,4,drop_off,2021-10-10
1126,126,127,640,272,1,reserve,2021-12-22
1127,127,128,308,122,2,reserve,2021-10-02
1128,128,129,490,141,1,reserve,2022-04-18
1129,129,130,645,82,4,pick_up,2022-01-29
1130,130,131,499,195,1,pick_up,2022-02-05
1131,131,132,383,131,2,pick_up,2021-10-17
1132,132,133,689,286,1,drop_off,2022-01-18
1133,133,134,780,87,2,pick_up,2022-02-07
1134,134,135,683,105,4,reserve,2021-10-21
1135,135,136,333,90,1,pick_up,2022-05-23
1136,136,137,120,134,5,pick_up,2021-07-10
1137,137,138,423,136,3,pick_up,2021-06-04
1138,138,139,343,90,2,pick_up,2022-05-21
1139,139,140,293,256,5,pick_up,2021-09-07
1140,140,141,302,191,1,pick_up,2022-05-22
1141,141,142,439,288,4,reserve,2022-04-19
1142,142,143,392,198,3,pick_up,2021-12-18
1143,143,144,198,77,2,reserve,2021-10-16
1144,144,145,156,299,2,reserve,2021-11-17
1145,145,146,314,123,4,reserve,2022-05-10
1146,146,147,769,95,4,reserve,2021-12-15
1147,147,148,740,196,2,pick_up,2022-01-31
1148,148,149,177,146,5,reserve,2022-04-07
1149,149,150,86,75,2,reserve,2021-09-03
1150,150,151,431,16,1,pick_up,2021-12-10
1151,151,152,537,231,4,reserve,2021-12-19
1152,152,153,599,67,2,pick_up,2021-12-13
1153,153,154,770,91,4,pick_up,2022-02-14
1154,154,155,370,253,4,drop_off,2022-02-18
1155,155,156,716,106,2,pick_up,2022-04-02
1156,156,157,672,298,3,pick_up,2022-04-28
1157,157,158,573,41,1,reserve,2021-09-04
1158,158,159,196,214,4,reserve,2022-01-08
1159,159,160,459,172,5,reserve,2022-05-07
1160,160,161,540,19,2,reserve,2021-10-20
1161,161,162,256,23,4,drop_off,2022-02-15
1162,162,163,267,146,4,reserve,2022-01-19
1163,163,164,834,21,4,reserve,2022-01-14
1164,164,165,819,16,2,reserve,2022-05-26
1165,165,166,120,139,4,reserve,2021-11-03
1166,166,167,79,220,4,drop_off,2022-03-01
1167,167,168,760,158,1,reserve,2022-03-16
1168,168,169,376,13,4,drop_off,2022-05-26
1169,169,170,807,104,2,drop_off,2022-05-21
1170,170,171,627,173,3,reserve,2021-09-17
1171,171,172,373,268,1,drop_off,2021-06-21
1172,172,173,766,259,4,pick_up,2021-09-08
1173,173,174,806,255,3,pick_up,2021-09-16
1174,174,175,554,128,5,drop_off,2021-10-27
1175,175,176,592,190,3,reserve,2021-10-06
1176,176,177,542,150,1,pick_up,2022-03-08
1177,177,178,406,195,1,pick_up,2022-03-13
1178,178,179,617,232,4,drop_off,2022-02-20
1179,179,180,567,143,5,reserve,2022-04-25
1180,180,181,168,220,3,reserve,2021-09-21
1181,181,182,423,297,4,drop_off,2022-03-10
1182,182,183,173,45,2,drop_off,2021-09-07
1183,183,184,302,16,1,drop_off,2022-01-29
1184,184,185,674,101,3,pick_up,2022-03-05
1185,185,186,682,65,2,reserve,2022-02-25
1186,186,187,149,112,2,drop_off,2022-02-24
1187,187,188,444,124,1,reserve,2022-05-30
1188,188,189,92,176,2,pick_up,2021-12-14
1189,189,190,129,130,5,pick_up,2021-12-30
1190,190,191,365,150,2,reserve,2022-04-30
1191,191,192,295,45,2,drop_off,2021-10-10
1192,192,193,125,232,2,pick_up,2021-10-26
1193,193,194,766,230,2,pick_up,2021-11-05
1194,194,195,237,274,1,drop_off,2022-04-26
1195,195,196,668,256,3,reserve,2021-06-24
1196,196,197,832,115,4,drop_off,2022-01-15
1197,197,198,708,27,2,pick_up,2021-12-05
1198,198,199,358,140,5,drop_off,2022-01-11
1199,199,200,442,186,2,reserve,2022-03-24
1200,200,201,188,73,1,drop_off,2021-09-26
1201,201,202,347,51,1,reserve,2022-01-31
1202,202,203,223,31,4,drop_off,2021-08-17
1203,203,204,504,232,1,pick_up,2021-07-17
1204,204,205,642,199,4,reserve,2022-05-28
1205,205,206,311,294,3,reserve,2022-03-01
1206,206,207,690,90,3,drop_off,2022-03-09
1207,207,208,297,27,3,reserve,2022-04-16
1208,208,209,643,247,4,drop_off,2021-12-06
1209,209,210,489,263,3,reserve,2021-07-02
1210,210,211,611,289,3,drop_off,2021-12-01
1211,211,212,89,133,3,drop_off,2022-02-06
1212,212,213,853,95,5,reserve,2021-11-02
1213,213,214,94,35,2,reserve,2022-05-24
1214,214,215,748,16,1,drop_off,2021-07-12
1215,215,216,762,260,1,reserve,2022-03-17
1216,216,217,832,144,2,drop_off,2022-05-16
1217,217,218,455,233,4,reserve,2021-11-07
1218,218,219,222,81,5,drop_off,2022-04-13
1219,219,220,683,207,5,pick_up,2022-05-01
1220,220,221,856,156,3,reserve,2022-01-12
1221,221,222,175,276,2,drop_off,2021-07-26
1222,222,223,777,273,3,drop_off,2021-07-09
1223,223,224,171,272,3,pick_up,2022-02-01
1224,224,225,412,78,5,reserve,2021-06-23
1225,225,226,835,171,3,drop_off,2021-10-31
1226,226,227,103,251,2,drop_off,2022-02-11
1227,227,228,778,91,2,reserve,2021-11-13
1228,228,229,229,46,3,pick_up,2021-07-02
1229,229,230,191,68,4,drop_off,2022-04-07
1230,230,231,244,284,4,reserve,2021-11-27
1231,231,232,295,245,3,drop_off,2021-08-19
1232,232,233,404,155,5,drop_off,2021-10-27
1233,233,234,257,205,3,drop_off,2022-02-16
1234,234,235,306,49,1,pick_up,2021-07-31
1235,235,236,812,281,4,reserve,2021-11-05
1236,236,237,153,232,3,pick_up,2022-03-29
1237,237,238,442,196,3,drop_off,2021-08-24
1238,238,239,489,240,2,pick_up,2022-02-20
1239,239,240,508,233,1,reserve,2021-11-20
1240,240,241,647,73,5,pick_up,2022-03-28
1241,241,242,651,11,3,drop_off,2021-08-06
1242,242,243,637,16,2,drop_off,2021-12-17
1243,243,244,154,230,5,drop_off,2021-09-05
1244,244,245,174,157,2,pick_up,2021-08-24
1245,245,246,87,265,3,drop_off,2022-02-21
1246,246,247,267,41,2,drop_off,2021-06-19
1247,247,248,253,148,3,reserve,2021-12-21
1248,248,249,396,134,3,drop_off,2022-03-10
1249,249,250,301,125,3,reserve,2021-12-04
1250,250,251,387,52,5,reserve,2022-01-16
1251,251,252,620,57,3,pick_up,2022-04-08
1252,252,253,371,23,5,reserve,2022-02-17
1253,253,254,519,52,2,reserve,2021-12-27
1254,254,255,787,181,2,reserve,2022-04-05
1255,255,256,315,261,3,pick_up,2022-01-01
1256,256,257,485,210,3,reserve,2022-04-26
1257,257,258,644,79,3,reserve,2022-04-02
1258,258,259,303,112,2,pick_up,2021-06-10
1259,259,260,243,19,5,drop_off,2022-04-18
1260,260,261,375,248,5,reserve,2021-06-18
1261,261,262,683,168,1,reserve,2021-06-14
1262,262,263,657,9,2,drop_off,2022-01-23
1263,263,264,126,273,2,reserve,2022-02-03
1264,264,265,449,171,3,reserve,2021-11-15
1265,265,266,848,300,3,drop_off,2021-06-04
1266,266,267,317,229,4,pick_up,2022-04-11
1267,267,268,583,13,3,pick_up,2022-05-19
1268,268,269,304,53,3,reserve,2021-09-08
1269,269,270,623,268,1,reserve,2022-04-26
1270,270,271,741,140,3,drop_off,2021-07-29
1271,271,272,577,166,3,reserve,2021-06-08
1272,272,273,303,256,2,drop_off,2021-06-06
1273,273,274,188,2,5,drop_off,2021-11-21
1274,274,275,240,146,3,reserve,2021-10-09
1275,275,276,428,44,4,drop_off,2022-02-18
1276,276,277,640,250,4,pick_up,2021-10-08
1277,277,278,805,16,3,reserve,2021-10-22
1278,278,279,190,232,1,reserve,2022-03-04
1279,279,280,665,79,3,reserve,2022-01-16
1280,280,281,351,94,3,drop_off,2022-03-12
1281,281,282,812,283,1,reserve,2022-03-24
1282,282,283,272,136,2,reserve,2021-10-24
1283,283,284,416,216,1,pick_up,2021-11-19
1284,284,285,596,203,3,drop_off,2021-11-06
1285,285,286,121,146,3,pick_up,2021-07-19
1286,286,287,510,152,3,pick_up,2021-10-24
1287,287,288,753,71,1,reserve,2021-12-18
1288,288,289,468,147,2,drop_off,2021-08-18
1289,289,290,354,216,1,pick_up,2021-10-01
1290,290,291,734,62,1,drop_off,2022-04-11
1291,291,292,746,287,2,reserve,2022-02-02
1292,292,293,756,67,3,reserve,2021-08-07
1293,293,294,257,175,5,pick_up,2021-10-12
1294,294,295,252,237,4,reserve,2021-12-04
1295,295,296,839,144,1,pick_up,2022-04-23
1296,296,297,555,58,5,reserve,2021-09-18
1297,297,298,530,15,1,drop_off,2022-02-22
1298,298,299,279,3,2,reserve,2022-03-07
1299,299,300,447,228,2,reserve,2021-10-17
1300,300,301,716,205,5,drop_off,2022-03-13
1301,301,302,134,152,1,pick_up,2021-09-01
1302,302,303,409,73,1,reserve,2021-06-23
1303,303,304,550,270,1,drop_off,2022-01-16
1304,304,305,530,287,1,reserve,2021-11-24
1305,305,306,279,208,1,reserve,2021-06-26
1306,306,307,413,295,1,reserve,2021-11-10
1307,307,308,256,119,3,drop_off,2022-01-12
1308,308,309,313,137,1,reserve,2022-04-11
1309,309,310,749,169,4,pick_up,2021-08-07
1310,310,311,166,283,4,drop_off,2021-08-03
1311,311,312,304,102,1,drop_off,2022-01-04
1312,312,313,119,96,5,drop_off,2022-04-15
1313,313,314,479,58,3,pick_up,2022-01-20
1314,314,315,269,267,3,pick_up,2021-09-26
1315,315,316,732,285,5,drop_off,2022-02-24
1316,316,317,400,42,5,reserve,2022-04-23
1317,317,318,833,129,2,reserve,2022-01-17
1318,318,319,283,140,4,reserve,2021-10-10
1319,319,320,207,217,5,pick_up,2022-05-16
1320,320,321,250,47,3,reserve,2022-04-04
1321,321,322,799,244,4,reserve,2022-04-01
1322,322,323,555,209,4,reserve,2022-04-19
1323,323,324,169,265,1,drop_off,2021-06-17
1324,324,325,784,266,3,reserve,2021-09-25
1325,325,326,722,13,1,reserve,2021-10-10
1326,326,327,172,186,2,reserve,2021-12-01
1327,327,328,91,17,3,drop_off,2021-06-10
1328,328,329,851,93,3,reserve,2021-12-27
1329,329,330,217,83,2,pick_up,2022-01-29
1330,330,331,529,193,4,reserve,2022-02-23
1331,331,332,639,137,1,reserve,2021-09-04
1332,332,333,742,202,1,reserve,2021-09-27
1333,333,334,366,19,2,reserve,2021-11-20
1334,334,335,217,175,3,pick_up,2021-08-10
1335,335,336,663,161,1,pick_up,2022-02-24
1336,336,337,100,177,4,pick_up,2021-07-10
1337,337,338,204,235,3,reserve,2021-11-14
1338,338,339,446,200,4,pick_up,2021-10-09
1339,339,340,715,192,2,pick_up,2021-08-26
1340,340,341,404,198,2,pick_up,2021-06-06
1341,341,342,675,29,1,pick_up,2022-01-05
1342,342,343,604,268,2,drop_off,2021-10-08
1343,343,344,217,42,3,reserve,2021-08-27
1344,344,345,474,224,2,pick_up,2022-04-17
1345,345,346,552,85,3,reserve,2022-03-28
1346,346,347,122,148,1,pick_up,2021-11-25
1347,347,348,687,113,1,pick_up,2022-04-13
1348,348,349,836,262,5,reserve,2021-09-04
1349,349,350,738,29,5,reserve,2022-04-15
1350,350,351,669,248,4,reserve,2021-09-02
1351,351,352,611,20,2,pick_up,2021-08-22
1352,352,353,702,167,2,drop_off,2021-06-19
1353,353,354,861,273,1,drop_off,2021-07-29
1354,354,355,221,149,3,reserve,2021-08-19
1355,355,356,77,276,3,pick_up,2021-06-24
1356,356,357,277,142,2,drop_off,2022-05-04
1357,357,358,636,188,5,reserve,2021-09-30
1358,358,359,700,209,4,drop_off,2021-12-13
1359,359,360,691,288,5,pick_up,2022-03-05
1360,360,361,589,143,5,pick_up,2022-01-18
1361,361,362,522,228,4,reserve,2022-04-26
1362,362,363,193,138,5,reserve,2021-08-05
1363,363,364,563,138,3,drop_off,2021-12-19
1364,364,365,842,249,5,pick_up,2021-11-20
1365,365,366,372,155,2,drop_off,2021-07-18
1366,366,367,396,230,5,reserve,2021-07-17
1367,367,368,496,92,5,reserve,2021-10-26
1368,368,369,740,290,3,pick_up,2022-01-27
1369,369,370,91,235,3,pick_up,2021-07-12
1370,370,371,188,63,2,reserve,2021-12-25
1371,371,372,112,133,5,drop_off,2022-01-24
1372,372,373,129,20,2,drop_off,2022-01-18
1373,373,374,390,262,4,reserve,2021-12-18
1374,374,375,490,285,1,pick_up,2021-07-05
1375,375,376,724,208,3,reserve,2021-06-08
1376,376,377,666,11,2,drop_off,2021-12-22
1377,377,378,644,290,1,reserve,2021-08-03
1378,378,379,557,93,1,reserve,2022-05-01
1379,379,380,655,60,1,pick_up,2021-06-14
1380,380,381,644,223,5,pick_up,2021-08-15
1381,381,382,466,18,2,drop_off,2021-11-20
1382,382,383,683,38,3,reserve,2021-09-04
1383,383,384,584,215,4,drop_off,2021-11-29
1384,384,385,482,207,2,pick_up,2022-03-17
1385,385,386,781,113,1,reserve,2022-02-14
1386,386,387,161,84,5,drop_off,2021-07-27
1387,387,388,862,131,4,pick_up,2022-01-07
1388,388,389,252,291,4,reserve,2022-03-14
1389,389,390,711,148,1,reserve,2021-07-05
1390,390,391,603,146,1,reserve,2021-08-29
1391,391,392,548,101,3,pick_up,2022-02-25
1392,392,393,512,275,1,drop_off,2022-05-29
1393,393,394,623,131,1,reserve,2021-07-13
1394,394,395,589,148,5,pick_up,2022-02-16
1395,395,396,378,224,1,reserve,2022-04-24
1396,396,397,362,140,4,reserve,2021-11-11
1397,397,398,825,152,5,drop_off,2021-11-02
1398,398,399,154,118,4,pick_up,2022-01-25
1399,399,400,344,71,1,pick_up,2021-11-16
1400,400,401,174,125,4,reserve,2022-04-26
1401,401,402,711,60,4,reserve,2022-01-09
1402,402,403,134,143,4,pick_up,2022-01-15
1403,403,404,792,128,5,drop_off,2021-11-21
1404,404,405,250,118,5,reserve,2021-09-19
1405,405,406,127,107,1,pick_up,2022-05-20
1406,406,407,533,50,1,pick_up,2022-01-22
1407,407,408,131,195,3,reserve,2022-02-04
1408,408,409,654,103,4,reserve,2022-04-22
1409,409,410,821,40,3,drop_off,2021-12-26
1410,410,411,78,154,2,pick_up,2021-10-14
1411,411,412,576,97,1,reserve,2021-12-27
1412,412,413,126,299,5,reserve,2021-08-14
1413,413,414,223,64,2,drop_off,2021-06-16
1414,414,415,556,226,3,pick_up,2022-01-31
1415,415,416,758,16,3,pick_up,2022-04-25
1416,416,417,514,58,1,drop_off,2022-03-04
1417,417,418,233,132,3,reserve,2021-07-17
1418,418,419,210,168,3,drop_off,2022-05-17
1419,419,420,471,178,2,pick_up,2021-07-13
1420,420,421,657,92,1,drop_off,2021-07-28
1421,421,422,147,162,2,drop_off,2021-08-06
1422,422,423,162,138,3,pick_up,2021-10-31
1423,423,424,734,83,2,reserve,2021-12-31
1424,424,425,717,278,2,reserve,2022-05-06
1425,425,426,73,220,1,reserve,2022-04-04
1426,426,427,753,232,5,reserve,2021-12-11
1427,427,428,777,77,3,pick_up,2022-01-07
1428,428,429,634,249,2,pick_up,2021-11-02
1429,429,430,286,113,5,drop_off,2022-01-29
1430,430,431,666,203,1,drop_off,2022-04-25
1431,431,432,200,133,1,drop_off,2021-10-16
1432,432,433,221,272,5,pick_up,2022-02-09
1433,433,434,300,147,3,reserve,2021-07-01
1434,434,435,716,257,1,pick_up,2021-11-30
1435,435,436,389,244,1,drop_off,2021-10-11
1436,436,437,76,72,4,reserve,2022-04-13
1437,437,438,645,256,5,pick_up,2021-10-29
1438,438,439,659,297,3,drop_off,2022-05-21
1439,439,440,570,154,5,pick_up,2021-06-14
1440,440,441,472,162,3,drop_off,2021-08-09
1441,441,442,77,294,3,pick_up,2021-10-30
1442,442,443,662,243,3,pick_up,2022-01-13
1443,443,444,597,295,1,pick_up,2021-09-07
1444,444,445,685,70,3,drop_off,2021-09-01
1445,445,446,342,102,4,reserve,2021-06-04
1446,446,447,547,148,4,drop_off,2021-10-21
1447,447,448,603,71,5,drop_off,2022-02-09
1448,448,449,177,33,1,reserve,2021-06-22
1449,449,450,723,195,2,reserve,2021-08-21
1450,450,451,858,34,5,drop_off,2022-02-24
1451,451,452,345,11,3,pick_up,2022-05-11
1452,452,453,657,39,3,drop_off,2022-01-26
1453,453,454,298,291,4,pick_up,2021-06-25
1454,454,455,401,34,2,drop_off,2021-08-17
1455,455,456,595,226,2,drop_off,2022-02-03
1456,456,457,624,264,5,pick_up,2021-09-10
1457,457,458,391,64,3,reserve,2022-01-23
1458,458,459,749,117,4,reserve,2022-03-06
1459,459,460,407,126,1,pick_up,2021-12-13
1460,460,461,283,126,1,drop_off,2021-06-04
1461,461,462,639,138,5,pick_up,2022-02-02
1462,462,463,359,62,2,pick_up,2021-07-04
1463,463,464,397,206,2,pick_up,2022-02-20
1464,464,465,190,59,5,drop_off,2021-08-06
1465,465,466,104,137,1,drop_off,2021-12-26
1466,466,467,90,161,5,pick_up,2021-07-23
1467,467,468,275,55,3,reserve,2022-01-27
1468,468,469,448,297,5,drop_off,2021-07-19
1469,469,470,729,183,5,pick_up,2022-04-30
1470,470,471,353,203,5,pick_up,2022-05-29
1471,471,472,144,196,2,drop_off,2021-07-23
1472,472,473,583,201,2,pick_up,2022-01-25
1473,473,474,366,35,1,pick_up,2021-10-01
1474,474,475,123,187,2,pick_up,2021-06-21
1475,475,476,577,191,1,pick_up,2022-01-15
1476,476,477,637,11,2,drop_off,2021-12-30
1477,477,478,512,81,2,reserve,2021-09-17
1478,478,479,735,263,3,drop_off,2021-07-18
1479,479,480,707,47,3,drop_off,2021-10-27
1480,480,481,735,223,5,drop_off,2021-09-24
1481,481,482,536,77,1,pick_up,2021-11-13
1482,482,483,783,203,3,drop_off,2021-12-08
1483,483,484,177,197,3,drop_off,2022-02-21
1484,484,485,324,95,2,drop_off,2021-08-15
1485,485,486,612,52,2,drop_off,2021-10-12
1486,486,487,453,19,5,reserve,2021-07-10
1487,487,488,349,300,2,reserve,2021-11-24
1488,488,489,427,112,1,drop_off,2021-08-19
1489,489,490,854,130,3,pick_up,2021-11-17
1490,490,491,580,134,3,reserve,2021-07-27
1491,491,492,172,104,2,drop_off,2021-07-02
1492,492,493,549,196,3,reserve,2021-12-09
1493,493,494,532,62,4,drop_off,2021-12-02
1494,494,495,573,144,4,reserve,2022-05-14
1495,495,496,357,234,1,reserve,2021-06-25
1496,496,497,693,297,1,drop_off,2022-01-23
1497,497,498,295,262,3,drop_off,2022-05-20
1498,498,499,403,160,4,pick_up,2022-01-10
1499,499,500,638,53,3,drop_off,2021-10-17
1500,500,501,217,274,4,reserve,2022-02-25
1501,501,502,761,202,5,pick_up,2021-08-01
1502,502,503,526,96,1,reserve,2021-12-18
1503,503,504,393,275,3,reserve,2021-11-26
1504,504,505,542,295,1,drop_off,2022-01-17
1505,505,506,447,236,1,drop_off,2021-10-20
1506,506,507,541,175,4,drop_off,2022-05-15
1507,507,508,503,131,5,drop_off,2021-10-22
1508,508,509,76,60,1,drop_off,2022-03-11
1509,509,510,324,119,5,drop_off,2021-07-14
1510,510,511,172,131,5,reserve,2021-12-21
1511,511,512,292,206,3,drop_off,2021-11-11
1512,512,513,357,39,2,pick_up,2022-03-27
1513,513,514,678,128,2,reserve,2022-02-05
1514,514,515,324,294,3,reserve,2021-12-15
1515,515,516,720,226,1,reserve,2022-02-14
1516,516,517,260,300,3,drop_off,2022-01-07
1517,517,518,235,229,3,pick_up,2022-02-17
1518,518,519,99,226,5,drop_off,2022-03-18
1519,519,520,126,169,1,reserve,2021-10-18
1520,520,521,687,214,1,reserve,2021-06-18
1521,521,522,831,197,1,pick_up,2022-05-17
1522,522,523,833,272,1,drop_off,2021-07-09
1523,523,524,778,248,2,drop_off,2021-07-19
1524,524,525,91,155,5,reserve,2022-03-18
1525,525,526,479,285,4,reserve,2022-01-30
1526,526,527,470,208,5,pick_up,2022-03-19
1527,527,528,794,38,4,drop_off,2022-03-18
1528,528,529,757,30,3,drop_off,2022-03-25
1529,529,530,556,240,2,reserve,2021-08-20
1530,530,531,732,67,4,reserve,2021-09-14
1531,531,532,414,152,3,reserve,2021-11-19
1532,532,533,727,96,3,drop_off,2021-08-06
1533,533,534,95,87,2,pick_up,2021-10-27
1534,534,535,258,81,1,pick_up,2021-09-21
1535,535,536,588,166,4,drop_off,2021-11-15
1536,536,537,503,148,2,reserve,2021-11-26
1537,537,538,202,21,1,pick_up,2021-08-29
1538,538,539,167,158,1,pick_up,2022-02-19
1539,539,540,483,19,1,reserve,2022-02-10
1540,540,541,640,62,3,drop_off,2021-10-28
1541,541,542,797,141,1,drop_off,2022-02-08
1542,542,543,617,68,4,pick_up,2021-12-02
1543,543,544,117,200,5,drop_off,2022-02-25
1544,544,545,115,80,3,reserve,2022-03-03
1545,545,546,150,147,5,pick_up,2021-10-16
1546,546,547,287,132,4,pick_up,2022-01-22
1547,547,548,198,49,5,pick_up,2022-01-20
1548,548,549,808,159,5,pick_up,2021-11-10
1549,549,550,832,132,3,reserve,2021-10-26
1550,550,551,616,251,2,pick_up,2022-03-02
1551,551,552,812,82,3,pick_up,2021-10-27
1552,552,553,224,220,1,reserve,2022-04-02
1553,553,554,614,245,1,reserve,2022-02-20
1554,554,555,799,165,1,drop_off,2021-12-01
1555,555,556,699,77,1,pick_up,2022-04-27
1556,556,557,542,290,1,reserve,2022-03-27
1557,557,558,518,30,2,drop_off,2021-12-19
1558,558,559,598,181,5,drop_off,2022-04-18
1559,559,560,710,152,4,drop_off,2021-07-09
1560,560,561,240,138,3,drop_off,2021-12-30
1561,561,562,440,4,3,drop_off,2022-05-20
1562,562,563,486,289,5,reserve,2022-03-08
1563,563,564,270,182,2,pick_up,2021-07-28
1564,564,565,664,46,2,drop_off,2021-07-30
1565,565,566,555,169,5,pick_up,2021-12-27
1566,566,567,87,266,1,drop_off,2021-09-09
1567,567,568,632,253,3,drop_off,2021-07-26
1568,568,569,843,286,2,reserve,2021-08-29
1569,569,570,541,253,2,pick_up,2022-03-04
1570,570,571,369,173,5,drop_off,2021-10-26
1571,571,572,678,101,5,pick_up,2022-02-20
1572,572,573,833,272,2,pick_up,2021-07-19
1573,573,574,160,17,3,drop_off,2021-12-13
1574,574,575,695,298,2,pick_up,2021-12-28
1575,575,576,677,17,5,drop_off,2021-06-03
1576,576,577,766,191,2,pick_up,2022-02-15
1577,577,578,222,246,1,pick_up,2022-05-19
1578,578,579,807,280,2,reserve,2021-07-26
1579,579,580,347,297,3,pick_up,2021-09-24
1580,580,581,581,176,4,reserve,2021-09-22
1581,581,582,649,53,4,reserve,2021-09-24
1582,582,583,107,189,3,pick_up,2022-05-01
1583,583,584,225,40,4,drop_off,2022-04-01
1584,584,585,296,293,5,pick_up,2021-06-02
1585,585,586,745,172,4,drop_off,2022-02-01
1586,586,587,465,268,4,drop_off,2021-10-25
1587,587,588,438,106,4,reserve,2021-07-09
1588,588,589,674,56,3,reserve,2021-06-24
1589,589,590,745,205,4,pick_up,2021-07-26
1590,590,591,694,62,3,pick_up,2022-02-12
1591,591,592,857,6,5,pick_up,2022-05-01
1592,592,593,645,195,1,drop_off,2022-03-29
1593,593,594,727,222,1,pick_up,2021-06-05
1594,594,595,632,179,4,drop_off,2021-11-27
1595,595,596,404,41,2,pick_up,2022-05-06
1596,596,597,237,59,2,reserve,2021-08-25
1597,597,598,776,252,5,drop_off,2021-12-21
1598,598,599,335,243,5,drop_off,2022-01-12
1599,599,600,620,99,1,pick_up,2022-05-13
1600,600,601,491,32,4,pick_up,2021-08-12
1601,601,602,542,105,3,reserve,2021-08-21
1602,602,603,727,96,1,reserve,2022-04-08
1603,603,604,708,15,2,reserve,2021-10-29
1604,604,605,206,279,3,drop_off,2021-07-25
1605,605,606,89,247,1,reserve,2021-07-14
1606,606,607,484,217,4,reserve,2022-02-25
1607,607,608,644,227,3,pick_up,2021-09-02
1608,608,609,296,29,3,pick_up,2021-06-15
1609,609,610,615,251,3,pick_up,2021-09-19
1610,610,611,414,192,3,drop_off,2021-09-02
1611,611,612,74,8,4,pick_up,2021-08-05
1612,612,613,574,7,1,pick_up,2021-10-26
1613,613,614,802,122,4,drop_off,2021-06-01
1614,614,615,284,93,2,drop_off,2021-09-08
1615,615,616,805,210,3,pick_up,2021-10-18
1616,616,617,562,260,5,reserve,2022-05-21
1617,617,618,104,269,3,drop_off,2021-09-03
1618,618,619,528,168,4,reserve,2021-08-26
1619,619,620,858,236,1,reserve,2022-01-25
1620,620,621,702,168,4,pick_up,2022-02-24
1621,621,622,566,98,4,reserve,2022-03-03
1622,622,623,737,104,2,pick_up,2022-05-11
1623,623,624,208,49,4,drop_off,2022-05-25
1624,624,625,823,289,3,drop_off,2021-10-28
1625,625,626,392,47,1,drop_off,2021-11-08
1626,626,627,791,189,1,reserve,2022-03-19
1627,627,628,861,200,4,pick_up,2021-08-19
1628,628,629,650,56,5,pick_up,2021-09-12
1629,629,630,670,194,4,reserve,2021-09-18
1630,630,631,625,6,1,reserve,2022-01-20
1631,631,632,296,251,4,reserve,2021-06-29
1632,632,633,611,26,5,pick_up,2022-01-23
1633,633,634,292,214,5,pick_up,2022-02-27
1634,634,635,700,204,1,reserve,2022-01-10
1635,635,636,475,163,1,pick_up,2022-04-15
1636,636,637,305,176,2,drop_off,2021-11-13
1637,637,638,299,228,5,drop_off,2021-10-08
1638,638,639,315,33,4,reserve,2021-09-19
1639,639,640,136,139,3,drop_off,2021-08-09
1640,640,641,201,267,5,reserve,2021-09-06
1641,641,642,325,120,3,drop_off,2022-03-02
1642,642,643,789,210,3,reserve,2021-07-02
1643,643,644,703,278,5,drop_off,2022-02-24
1644,644,645,291,17,3,drop_off,2021-07-25
1645,645,646,585,261,4,drop_off,2021-11-04
1646,646,647,216,9,3,pick_up,2021-12-07
1647,647,648,362,91,1,drop_off,2022-02-02
1648,648,649,145,289,2,drop_off,2021-12-12
1649,649,650,629,212,3,pick_up,2021-11-25
1650,650,651,821,297,3,reserve,2021-11-30
1651,651,652,468,8,5,reserve,2022-02-10
1652,652,653,801,105,1,pick_up,2022-01-26
1653,653,654,295,265,4,pick_up,2021-11-25
1654,654,655,500,55,4,drop_off,2022-02-18
1655,655,656,380,179,2,reserve,2021-09-12
1656,656,657,367,253,5,reserve,2022-03-25
1657,657,658,533,204,3,reserve,2021-12-17
1658,658,659,248,162,3,reserve,2022-05-16
1659,659,660,612,24,3,reserve,2021-06-29
1660,660,661,106,77,3,pick_up,2021-08-25
1661,661,662,659,139,3,pick_up,2021-11-29
1662,662,663,447,68,1,pick_up,2022-01-06
1663,663,664,154,193,2,pick_up,2021-12-01
1664,664,665,361,12,2,pick_up,2022-03-22
1665,665,666,471,261,1,drop_off,2021-10-16
1666,666,667,666,100,2,pick_up,2022-05-12
1667,667,668,636,57,3,drop_off,2022-01-18
1668,668,669,495,275,2,reserve,2022-01-09
1669,669,670,583,200,5,pick_up,2022-05-03
1670,670,671,302,214,3,pick_up,2021-12-07
1671,671,672,326,180,4,drop_off,2021-06-28
1672,672,673,849,243,3,pick_up,2022-01-31
1673,673,674,111,36,2,drop_off,2022-02-12
1674,674,675,357,33,3,pick_up,2021-09-20
1675,675,676,471,298,3,drop_off,2021-08-03
1676,676,677,193,162,5,pick_up,2021-11-03
1677,677,678,463,123,4,pick_up,2021-11-21
1678,678,679,214,161,5,pick_up,2021-09-14
1679,679,680,221,121,2,reserve,2021-07-05
1680,680,681,344,34,2,pick_up,2021-06-17
1681,681,682,285,134,1,pick_up,2021-10-28
1682,682,683,608,147,3,reserve,2022-02-25
1683,683,684,140,164,1,drop_off,2022-02-23
1684,684,685,145,198,5,drop_off,2021-08-10
1685,685,686,170,273,2,reserve,2021-08-23
1686,686,687,684,214,3,drop_off,2021-09-10
1687,687,688,450,23,3,reserve,2021-07-27
1688,688,689,323,70,3,drop_off,2021-07-19
1689,689,690,264,113,5,reserve,2022-05-25
1690,690,691,863,275,1,reserve,2022-05-18
1691,691,692,358,266,4,drop_off,2021-11-27
1692,692,693,94,103,2,pick_up,2021-12-25
1693,693,694,225,105,4,reserve,2021-10-25
1694,694,695,776,187,5,drop_off,2022-03-24
1695,695,696,75,232,1,drop_off,2021-08-31
1696,696,697,613,264,4,reserve,2021-09-13
1697,697,698,756,240,1,reserve,2022-04-29
1698,698,699,509,258,4,drop_off,2022-05-16
1699,699,700,103,160,1,reserve,2022-01-18
1700,700,701,625,240,2,pick_up,2021-10-27
1701,701,702,835,246,3,pick_up,2021-11-20
1702,702,703,817,88,3,reserve,2022-05-15
1703,703,704,146,296,2,drop_off,2022-01-24
1704,704,705,236,99,3,reserve,2022-01-30
1705,705,706,130,70,3,pick_up,2021-11-27
1706,706,707,751,53,1,drop_off,2022-05-25
1707,707,708,784,254,2,drop_off,2021-12-09
1708,708,709,516,200,2,reserve,2021-10-26
1709,709,710,728,157,3,drop_off,2021-10-10
1710,710,711,843,158,2,drop_off,2022-03-18
1711,711,712,75,208,4,reserve,2021-07-16
1712,712,713,275,256,3,drop_off,2021-11-23
1713,713,714,521,196,1,pick_up,2021-10-14
1714,714,715,546,105,3,reserve,2022-05-30
1715,715,716,852,14,5,reserve,2022-05-04
1716,716,717,710,110,4,drop_off,2021-10-21
1717,717,718,491,298,5,reserve,2022-03-08
1718,718,719,704,200,3,pick_up,2022-01-13
1719,719,720,732,228,3,drop_off,2021-12-21
1720,720,721,75,175,4,pick_up,2022-01-16
1721,721,722,758,20,3,drop_off,2021-06-24
1722,722,723,146,205,4,drop_off,2022-03-22
1723,723,724,110,85,5,pick_up,2022-02-23
1724,724,725,508,62,3,drop_off,2021-11-22
1725,725,726,719,295,1,reserve,2022-03-08
1726,726,727,211,173,2,drop_off,2021-10-15
1727,727,728,243,116,1,pick_up,2022-03-18
1728,728,729,589,64,5,reserve,2022-01-19
1729,729,730,337,233,1,drop_off,2021-06-19
1730,730,731,841,292,5,drop_off,2022-03-27
1731,731,732,826,233,2,pick_up,2022-03-24
1732,732,733,480,63,3,reserve,2021-06-06
1733,733,734,136,8,1,reserve,2022-01-29
1734,734,735,395,291,1,drop_off,2021-07-06
1735,735,736,203,201,4,pick_up,2021-06-06
1736,736,737,342,207,5,drop_off,2022-01-05
1737,737,738,112,85,3,pick_up,2021-12-01
1738,738,739,296,91,3,reserve,2021-06-24
1739,739,740,135,257,1,pick_up,2021-11-02
1740,740,741,595,105,2,drop_off,2022-04-24
1741,741,742,428,168,1,pick_up,2022-05-22
1742,742,743,245,117,3,drop_off,2021-12-30
1743,743,744,151,129,4,pick_up,2021-10-05
1744,744,745,422,194,3,drop_off,2021-07-11
1745,745,746,191,262,3,pick_up,2021-06-05
1746,746,747,289,138,3,reserve,2022-03-27
1747,747,748,564,266,4,reserve,2022-04-17
1748,748,749,229,225,1,drop_off,2021-07-13
1749,749,750,779,146,5,drop_off,2021-12-03
1750,750,751,459,283,1,pick_up,2022-01-21
1751,751,752,401,219,4,drop_off,2022-01-21
1752,752,753,807,190,2,reserve,2022-05-07
1753,753,754,588,84,4,drop_off,2021-09-29
1754,754,755,121,50,1,pick_up,2022-04-23
1755,755,756,527,34,5,reserve,2021-07-23
1756,756,757,405,105,4,drop_off,2021-09-03
1757,757,758,111,25,2,reserve,2022-04-17
1758,758,759,82,200,4,drop_off,2022-02-26
1759,759,760,186,225,3,reserve,2022-02-12
1760,760,761,135,280,5,reserve,2022-04-24
1761,761,762,533,106,2,reserve,2022-04-17
1762,762,763,399,13,2,pick_up,2022-02-22
1763,763,764,546,32,1,reserve,2022-04-16
1764,764,765,673,208,2,drop_off,2021-12-03
1765,765,766,464,202,3,reserve,2022-02-15
1766,766,767,727,151,3,pick_up,2021-09-26
1767,767,768,221,200,1,drop_off,2021-07-31
1768,768,769,503,135,5,reserve,2021-06-01
1769,769,770,410,25,5,drop_off,2021-06-24
1770,770,771,247,111,5,reserve,2021-07-02
1771,771,772,149,166,1,drop_off,2022-02-09
1772,772,773,144,206,3,drop_off,2021-09-24
1773,773,774,489,149,1,pick_up,2021-07-22
1774,774,775,236,126,1,drop_off,2021-10-07
1775,775,776,233,103,2,drop_off,2022-04-06
1776,776,777,398,102,5,drop_off,2021-10-31
1777,777,778,474,99,4,drop_off,2021-09-26
1778,778,779,846,60,3,pick_up,2022-04-11
1779,779,780,477,39,3,reserve,2022-05-17
1780,780,781,225,234,2,drop_off,2022-04-17
1781,781,782,201,14,1,pick_up,2021-07-26
1782,782,783,541,280,1,drop_off,2021-07-09
1783,783,784,801,151,2,pick_up,2021-08-14
1784,784,785,624,15,2,reserve,2022-05-21
1785,785,786,727,134,4,drop_off,2021-08-14
1786,786,787,106,31,3,reserve,2021-12-29
1787,787,788,691,215,3,reserve,2021-09-14
1788,788,789,454,64,4,pick_up,2021-11-03
1789,789,790,486,181,4,drop_off,2022-01-23
1790,790,791,104,300,3,reserve,2021-09-25
1791,791,792,536,104,2,reserve,2021-06-16
1792,792,793,480,178,1,drop_off,2021-06-05
1793,793,794,681,235,1,pick_up,2022-02-02
1794,794,795,164,138,3,drop_off,2021-08-19
1795,795,796,798,40,1,pick_up,2021-07-21
1796,796,797,457,280,1,reserve,2021-11-01
1797,797,798,260,280,3,pick_up,2021-08-29
1798,798,799,239,286,4,reserve,2021-07-29
1799,799,800,270,256,4,reserve,2022-02-09
1800,800,801,469,143,1,reserve,2021-10-06
1801,801,802,721,205,4,pick_up,2021-06-14
1802,802,803,631,87,5,drop_off,2021-09-16
1803,803,804,743,154,2,reserve,2021-10-22
1804,804,805,471,300,2,reserve,2021-06-22
1805,805,806,236,230,5,drop_off,2022-03-13
1806,806,807,637,38,2,drop_off,2021-07-27
1807,807,808,93,134,4,reserve,2022-05-27
1808,808,809,630,117,5,drop_off,2021-08-04
1809,809,810,455,296,5,pick_up,2022-01-17
1810,810,811,522,290,4,drop_off,2021-10-27
1811,811,812,502,179,1,drop_off,2021-11-08
1812,812,813,404,238,1,drop_off,2022-04-18
1813,813,814,218,184,1,drop_off,2021-06-29
1814,814,815,525,81,1,reserve,2022-01-17
1815,815,816,293,269,2,pick_up,2021-07-09
1816,816,817,635,17,5,drop_off,2021-06-09
1817,817,818,435,191,5,drop_off,2022-04-25
1818,818,819,795,264,5,pick_up,2022-01-18
1819,819,820,325,280,2,reserve,2021-10-30
1820,820,821,322,283,5,drop_off,2021-10-26
1821,821,822,774,125,4,reserve,2021-10-05
1822,822,823,577,196,3,drop_off,2022-03-06
1823,823,824,185,160,4,drop_off,2022-03-30
1824,824,825,296,296,4,drop_off,2021-06-06
1825,825,826,324,26,1,pick_up,2021-06-11
1826,826,827,530,87,5,pick_up,2021-10-08
1827,827,828,274,277,4,reserve,2021-11-26
1828,828,829,530,280,1,pick_up,2021-12-08
1829,829,830,320,74,1,drop_off,2021-06-29
1830,830,831,344,274,3,drop_off,2021-12-02
1831,831,832,448,258,3,reserve,2021-12-19
1832,832,833,744,134,4,pick_up,2021-11-27
1833,833,834,556,87,3,drop_off,2022-03-15
1834,834,835,214,28,3,pick_up,2022-05-26
1835,835,836,517,161,1,pick_up,2022-03-18
1836,836,837,425,271,1,drop_off,2021-06-18
1837,837,838,501,281,5,drop_off,2022-04-16
1838,838,839,674,284,1,reserve,2022-04-12
1839,839,840,791,276,2,pick_up,2021-08-07
1840,840,841,231,185,5,pick_up,2021-07-09
1841,841,842,799,75,5,drop_off,2022-03-04
1842,842,843,649,282,2,drop_off,2021-07-03
1843,843,844,470,12,4,reserve,2022-01-14
1844,844,845,406,197,4,reserve,2022-03-19
1845,845,846,441,23,3,reserve,2021-09-10
1846,846,847,401,7,1,pick_up,2021-09-30
1847,847,848,849,60,5,drop_off,2021-06-18
1848,848,849,329,194,4,reserve,2021-06-16
1849,849,850,282,153,1,reserve,2021-11-28
1850,850,851,714,280,4,drop_off,2021-10-02
1851,851,852,272,158,1,reserve,2021-11-30
1852,852,853,618,121,3,reserve,2022-04-19
1853,853,854,135,170,2,drop_off,2021-07-19
1854,854,855,352,280,1,pick_up,2022-05-17
1855,855,856,463,38,5,pick_up,2022-02-10
1856,856,857,844,259,4,drop_off,2022-03-19
1857,857,858,631,59,1,reserve,2021-07-05
1858,858,859,680,242,3,pick_up,2021-12-22
1859,859,860,373,28,4,reserve,2021-10-15
1860,860,861,337,80,1,pick_up,2021-12-27
1861,861,862,287,3,1,drop_off,2022-03-20
1862,862,863,160,219,5,drop_off,2021-10-18
1863,863,864,423,212,3,reserve,2022-03-25
1864,864,865,783,11,3,pick_up,2021-08-09
1865,865,866,166,262,5,reserve,2022-04-11
1866,866,867,683,143,4,pick_up,2021-06-20
1867,867,868,603,42,3,reserve,2021-07-13
1868,868,869,753,40,2,drop_off,2021-09-17
1869,869,870,824,282,2,drop_off,2021-07-15
1870,870,871,801,99,3,reserve,2022-05-03
1871,871,872,83,271,4,drop_off,2021-06-29
1872,872,873,151,288,4,reserve,2022-05-29
1873,873,874,588,197,2,reserve,2021-08-16
1874,874,875,775,129,2,pick_up,2022-05-07
1875,875,876,773,277,2,reserve,2022-02-18
1876,876,877,532,256,5,pick_up,2021-07-17
1877,877,878,613,169,4,drop_off,2021-12-12
1878,878,879,686,69,3,pick_up,2021-07-14
1879,879,880,754,209,5,pick_up,2021-08-25
1880,880,881,419,290,5,pick_up,2022-04-17
1881,881,882,576,283,1,reserve,2022-02-05
1882,882,883,257,72,2,pick_up,2021-08-05
1883,883,884,862,101,1,reserve,2022-01-08
1884,884,885,268,162,5,pick_up,2021-10-01
1885,885,886,85,29,5,reserve,2021-12-10
1886,886,887,289,300,1,reserve,2021-12-27
1887,887,888,229,284,2,pick_up,2022-03-26
1888,888,889,610,88,4,pick_up,2021-10-08
1889,889,890,659,152,4,pick_up,2021-11-23
1890,890,891,297,84,3,reserve,2021-11-03
1891,891,892,560,45,1,drop_off,2022-02-25
1892,892,893,670,193,4,pick_up,2021-09-27
1893,893,894,327,75,4,pick_up,2021-08-29
1894,894,895,720,120,1,reserve,2022-04-03
1895,895,896,550,20,1,drop_off,2021-10-08
1896,896,897,238,127,3,drop_off,2021-06-27
1897,897,898,176,231,1,drop_off,2022-04-30
1898,898,899,529,254,2,reserve,2022-04-08
1899,899,900,517,300,1,drop_off,2021-11-17
1900,900,901,689,262,4,pick_up,2022-02-02
1901,901,902,711,137,5,pick_up,2021-11-19
1902,902,903,163,223,3,drop_off,2021-08-26
1903,903,904,751,186,2,pick_up,2022-05-20
1904,904,905,390,120,1,pick_up,2021-10-26
1905,905,906,86,99,4,pick_up,2021-08-03
1906,906,907,354,163,3,pick_up,2022-01-06
1907,907,908,842,267,5,reserve,2021-10-30
1908,908,909,759,184,5,pick_up,2022-02-28
1909,909,910,331,40,2,reserve,2021-12-14
1910,910,911,583,217,1,reserve,2022-03-28
1911,911,912,130,152,1,reserve,2021-06-29
1912,912,913,454,180,4,pick_up,2022-01-01
1913,913,914,566,126,4,reserve,2021-08-04
1914,914,915,627,110,4,pick_up,2022-04-26
1915,915,916,514,223,3,pick_up,2022-02-28
1916,916,917,773,245,4,pick_up,2022-03-16
1917,917,918,177,261,3,reserve,2022-02-25
1918,918,919,655,29,5,drop_off,2021-06-22
1919,919,920,226,35,1,drop_off,2022-03-04
1920,920,921,531,91,5,pick_up,2022-03-30
1921,921,922,479,253,1,pick_up,2021-08-29
1922,922,923,198,206,3,reserve,2021-11-19
1923,923,924,196,100,1,drop_off,2022-05-22
1924,924,925,86,246,3,pick_up,2021-06-15
1925,925,926,256,170,2,pick_up,2021-11-01
1926,926,927,298,9,5,drop_off,2022-03-04
1927,927,928,646,178,2,reserve,2022-05-17
1928,928,929,79,45,1,reserve,2022-02-03
1929,929,930,279,81,2,pick_up,2021-12-26
1930,930,931,182,195,5,drop_off,2022-02-06
1931,931,932,367,138,1,reserve,2021-07-11
1932,932,933,242,58,3,drop_off,2022-02-08
1933,933,934,240,61,2,pick_up,2022-05-03
1934,934,935,342,129,2,reserve,2021-08-18
1935,935,936,152,286,3,reserve,2021-12-20
1936,936,937,320,187,2,drop_off,2022-04-04
1937,937,938,289,159,4,reserve,2022-03-30
1938,938,939,663,119,3,pick_up,2021-11-26
1939,939,940,632,209,5,pick_up,2021-11-29
1940,940,941,274,118,5,pick_up,2021-09-15
1941,941,942,335,150,3,drop_off,2021-10-19
1942,942,943,507,38,2,pick_up,2022-03-17
1943,943,944,583,90,2,pick_up,2022-03-21
1944,944,945,336,147,1,reserve,2021-12-17
1945,945,946,404,15,3,reserve,2022-04-28
1946,946,947,329,8,3,reserve,2021-06-01
1947,947,948,781,243,4,pick_up,2021-11-25
1948,948,949,169,279,3,pick_up,2022-01-07
1949,949,950,234,62,5,reserve,2021-10-21
1950,950,951,130,234,4,pick_up,2021-09-30
1951,951,952,834,13,2,reserve,2021-12-11
1952,952,953,747,209,2,reserve,2021-07-03
1953,953,954,744,2,1,drop_off,2022-05-26
1954,954,955,111,3,2,pick_up,2021-12-28
1955,955,956,619,125,3,drop_off,2021-08-12
1956,956,957,828,40,5,pick_up,2022-04-22
1957,957,958,855,221,5,pick_up,2021-11-18
1958,958,959,693,240,5,reserve,2022-03-06
1959,959,960,536,12,3,reserve,2021-09-16
1960,960,961,466,58,1,drop_off,2021-11-28
1961,961,962,432,70,5,drop_off,2022-05-26
1962,962,963,334,192,1,drop_off,2021-10-03
1963,963,964,191,91,1,reserve,2021-09-03
1964,964,965,299,94,5,pick_up,2021-11-15
1965,965,966,526,135,5,drop_off,2022-04-28
1966,966,967,164,242,1,drop_off,2022-03-10
1967,967,968,641,178,3,drop_off,2022-04-13
1968,968,969,390,296,1,drop_off,2021-11-03
1969,969,970,141,248,2,reserve,2021-08-25
1970,970,971,391,75,5,drop_off,2021-07-26
1971,971,972,724,283,4,reserve,2021-08-15
1972,972,973,137,278,2,drop_off,2022-02-17
1973,973,974,240,31,3,drop_off,2021-08-02
1974,974,975,96,197,5,reserve,2021-07-03
1975,975,976,597,166,4,drop_off,2021-12-03
1976,976,977,135,39,1,drop_off,2022-02-16
1977,977,978,292,117,4,pick_up,2022-03-01
1978,978,979,710,78,4,drop_off,2022-04-02
1979,979,980,567,279,3,reserve,2021-06-11
1980,980,981,283,130,3,reserve,2022-03-08
1981,981,982,400,140,2,drop_off,2022-02-23
1982,982,983,365,63,2,pick_up,2022-02-25
1983,983,984,515,181,1,drop_off,2021-06-12
1984,984,985,232,197,2,pick_up,2021-06-10
1985,985,986,730,126,1,pick_up,2021-10-24
1986,986,987,110,253,1,pick_up,2021-10-10
1987,987,988,783,237,5,reserve,2022-01-29
1988,988,989,545,277,1,pick_up,2022-04-09
1989,989,990,642,285,3,reserve,2021-11-27
1990,990,991,438,49,1,drop_off,2022-04-13
1991,991,992,275,257,4,drop_off,2021-11-17
1992,992,993,251,189,2,pick_up,2022-01-02
1993,993,994,714,166,5,reserve,2022-02-11
1994,994,995,76,40,4,drop_off,2022-01-07
1995,995,996,479,190,4,reserve,2021-08-17
1996,996,997,395,288,1,pick_up,2022-04-06
1997,997,998,746,292,5,reserve,2021-06-25
1998,998,999,625,26,3,reserve,2022-01-28
1999,999,1000,384,117,2,reserve,2022-02-12
